Clock,Run Time,Command: AVS Strobe Rate,Command: AVS Color,Microphone Interactivity,Respiration: Rate,Respiration: Mean Tone Length,Respiration: Mean Rest Length,Respiration Detail: Rate 1min measurement window,Respiration Detail: Rate 2min measurement window,Respiration Detail: Rate Raw 1m,Respiration Detail: Rate Raw 2m,Respiration Detail: Mean Tone Length 1m,Respiration Detail: Mean Tone Length 2m,Respiration Detail: Mean Rest Length 1m,Respiration Detail: Mean Rest Length 2m,Absorption,Absorption Raw,Absorption Detail: Standard Deviation Tone 1m,Absorption Detail: Standard Deviation Tone 2m,Absorption Detail: Standard Deviation Rest 1m,Absorption Detail: Standard Deviation Rest 2m,Absorption Detail: Respiration Rate Multiplier 1m,Absorption Detail: Respiration Rate Multiplier 2m,Absorption Detail: Tone Length Multiplier 1m,Absorption Detail: Tone Length Multiplier 2m,
2/27/2025 12:46:14 PM,1.000131,,,True,-1,0,0,-1,-1,0,0,0,0,0,0,-1,NaN,0,0,0,0,1,1,0.5,0.5,
2/27/2025 12:46:15 PM,2.000826,,,True,-1,0,0,-1,-1,0,0,0,0,0,0,-1,NaN,0,0,0,0,1,1,0.5,0.5,
2/27/2025 12:46:16 PM,3.000043,,,True,-1,0,0,-1,-1,0,0,0,0,0,0,-1,NaN,0,0,0,0,1,1,0.5,0.5,
2/27/2025 12:46:17 PM,4.00242,,,True,-1,0,0,-1,-1,0,0,0,0,0,0,-1,NaN,0,0,0,0,1,1,0.5,0.5,
2/27/2025 12:46:18 PM,5.002813,,,True,-1,0,0,-1,-1,0,0,0,0,0,0,-1,NaN,0,0,0,0,1,1,0.5,0.5,
2/27/2025 12:46:19 PM,6.005464,,,True,-1,0,0,-1,-1,0,0,0,0,0,0,-1,NaN,0,0,0,0,1,1,0.5,0.5,
2/27/2025 12:46:20 PM,7.002616,,,True,-1,0,0,-1,-1,0,0,0,0,0,0,-1,NaN,0,0,0,0,1,1,0.5,0.5,
2/27/2025 12:46:21 PM,8.003689,,,True,-1,0,0,-1,-1,0,0,0,0,0,0,-1,NaN,0,0,0,0,1,1,0.5,0.5,
2/27/2025 12:46:22 PM,9.0014,,,True,-1,0,0,-1,-1,0,0,0,0,0,0,-1,NaN,0,0,0,0,1,1,0.5,0.5,
