Time, Volume, Harmonicity
0, 0, 0
0.02, -999, 0
0.1899785, -999, 0
0.2404265, -999, 0
0.2908117, -999, 0
0.3074532, -999, 0
0.3148893, -999, 0
0.3174798, -999, 0
0.3230019, -999, 0
0.3406241, -999, 0
0.3443143, -999, 0
0.3523792, -999, 0
0.356046, -999, 0
0.3585866, -999, 0
0.3612155, -999, 0
0.364031, -999, 0
0.3664228, -999, 0
0.3692628, -999, 0
0.3715992, -999, 0
0.3743244, -999, 0
0.3773089, -999, 0
0.3798203, -999, 0
0.3822952, -999, 0
0.3848323, -999, 0
0.3875172, -999, 0
0.3901173, -999, 0
0.3922108, -999, 0
0.3945086, -999, 0
0.3969922, -999, 0
0.3991275, -999, 0
0.4013917, -999, 0
0.4039046, -999, 0
0.406305, -999, 0
0.4076135, -999, 0
0.4088053, -999, 0
0.4100977, -999, 0
0.4121485, -999, 0
0.4137931, -999, 0
0.4158256, -999, 0
0.418129, -999, 0
0.4199979, -999, 0
0.4218192, -999, 0
0.4232052, -999, 0
0.4244428, -999, 0
0.4258048, -999, 0
0.4270959, -999, 0
0.4283048, -999, 0
0.429491, -999, 0
0.4309092, -999, 0
0.4325327, -999, 0
0.43471, -999, 0
0.4369291, -999, 0
0.4394106, -999, 0
0.4417019, -999, 0
0.4446509, -999, 0
0.4522198, -999, 0
0.4537205, -999, 0
0.455504, -999, 0
0.4571477, -999, 0
0.4595664, -999, 0
0.461025, -999, 0
0.4628227, -999, 0
0.4640902, -999, 0
0.4657221, -999, 0
0.4678423, -999, 0
0.4699071, -999, 0
0.4719951, -999, 0
0.4748468, -999, 0
0.4779136, -999, 0
0.4804195, -999, 0
0.4831154, -999, 0
0.4850365, -999, 0
0.4870954, -999, 0
0.4886939, -999, 0
0.4925284, -999, 0
0.4937055, -999, 0
0.4956219, -999, 0
0.4972014, -999, 0
0.4991505, -999, 0
0.5012151, -999, 0
0.503898, -999, 0
0.5060725, -999, 0
0.5083501, -999, 0
0.510793, -999, 0
0.5124921, -999, 0
0.5141929, -999, 0
0.5163049, -999, 0
0.5186888, -999, 0
0.5209004, -999, 0
0.5234994, -999, 0
0.5260096, -999, 0
0.5282078, -999, 0
0.5306054, -999, 0
0.5330844, -999, 0
0.5353062, -999, 0
0.5378049, -999, 0
0.5405824, -999, 0
0.5431129, -999, 0
0.5453863, -999, 0
0.5481225, -999, 0
0.5504401, -999, 0
0.5526361, -999, 0
0.5551959, -999, 0
0.5577809, -999, 0
0.5607628, -999, 0
0.5633405, -999, 0
0.5658423, -999, 0
0.5683838, -999, 0
0.5710077, -999, 0
0.573409, -999, 0
0.5755872, -999, 0
0.5776901, -999, 0
0.5799316, -999, 0
0.5820095, -999, 0
0.5842187, -999, 0
0.5863147, -999, 0
0.5888299, -999, 0
0.5912928, -999, 0
0.5941843, -999, 0
0.5965199, -999, 0
0.5991781, -999, 0
0.6021757, -999, 0
0.6045943, -999, 0
0.6067268, -999, 0
0.609217, -999, 0
0.6114009, -999, 0
0.6140931, -999, 0
0.6166573, -999, 0
0.6187733, -999, 0
0.6207851, -999, 0
0.6229019, -999, 0
0.6250172, -999, 0
0.6275995, -999, 0
0.630111, -999, 0
0.632686, -999, 0
0.6348984, -999, 0
0.6374581, -999, 0
0.6401268, -999, 0
0.6425653, -999, 0
0.6443942, -999, 0
0.6471618, -999, 0
0.6494508, -999, 0
0.6521356, -999, 0
0.6545929, -999, 0
0.6575474, -999, 0
0.6595228, -999, 0
0.6618842, -999, 0
0.6643129, -999, 0
0.6669401, -999, 0
0.6696237, -999, 0
0.6722417, -999, 0
0.6748784, -999, 0
0.6776018, -999, 0
0.6801929, -999, 0
0.6827289, -999, 0
0.6887264, -999, 0
0.6909986, -999, 0
0.6936529, -999, 0
0.6961245, -999, 0
0.6987004, -999, 0
0.7012641, -999, 0
0.7039663, -999, 0
0.7063994, -999, 0
0.7085872, -999, 0
0.7109804, -999, 0
0.7132708, -999, 0
0.7159433, -999, 0
0.7179582, -999, 0
0.7199978, -999, 0
0.7225042, -999, 0
0.7249665, -999, 0
0.7277275, -999, 0
0.7301909, -999, 0
0.7329294, -999, 0
0.7359145, -999, 0
0.7386604, -999, 0
0.7412003, -999, 0
0.7441304, -999, 0
0.7468772, -999, 0
0.7493703, -999, 0
0.7521654, -999, 0
0.7546174, -999, 0
0.757603, -999, 0
0.7605278, -999, 0
0.7634231, -999, 0
0.7658431, -999, 0
0.7682394, -999, 0
0.7708268, -999, 0
0.7735219, -999, 0
0.775818, -999, 0
0.7786533, -999, 0
0.7811972, -999, 0
0.7836915, -999, 0
0.7863156, -999, 0
0.7888072, -999, 0
0.7909275, -999, 0
0.7933724, -999, 0
0.7953104, -999, 0
0.7978056, -999, 0
0.7999732, -999, 0
0.8022986, -999, 0
0.8045997, -999, 0
0.8067919, -999, 0
0.8089952, -999, 0
0.8112206, -999, 0
0.8137998, -999, 0
0.8163409, -999, 0
0.8190247, -999, 0
0.8215241, -999, 0
0.8241819, -999, 0
0.8264059, -999, 0
0.8352084, -999, 0
0.8367249, -999, 0
0.8388259, -999, 0
0.8414038, -999, 0
0.8441128, -999, 0
0.846616, -999, 0
0.8491808, -999, 0
0.8518119, -999, 0
0.8543109, -999, 0
0.857024, -999, 0
0.8592604, -999, 0
0.8617294, -999, 0
0.8638989, -999, 0
0.8661757, -999, 0
0.868727, -999, 0
0.8712093, -999, 0
0.8733755, -999, 0
0.8755972, -999, 0
0.8776944, -999, 0
0.8799078, -999, 0
0.8824906, -999, 0
0.8846104, -999, 0
0.8873041, -999, 0
0.8896111, -999, 0
0.908699, -999, 0
0.9121876, -999, 0
0.9147641, -999, 0
0.9172204, -999, 0
0.9195992, -999, 0
0.9271685, -999, 0
0.9305804, -999, 0
0.9362524, -999, 0
0.9388384, -999, 0
0.9414551, -999, 0
0.9440848, -999, 0
0.9462047, -999, 0
0.9492487, -999, 0
0.951867, -999, 0
0.9578937, -999, 0
0.9607147, -999, 0
0.9633693, -999, 0
0.9658398, -999, 0
0.9683955, -999, 0
0.9713075, -999, 0
0.9737043, -999, 0
0.975813, -999, 0
0.9782546, -999, 0
0.9802017, -999, 0
0.9825052, -999, 0
0.9850742, -999, 0
0.9876027, -999, 0
0.9900854, -999, 0
0.9923186, -999, 0
0.9947124, -999, 0
0.9971957, -999, 0
0.9997352, -999, 0
1.002321, -999, 0
1.030493, -999, 0
1.03793, -999, 0
1.040312, -999, 0
1.042283, -999, 0
1.043882, -999, 0
1.045615, -999, 0
1.047606, -999, 0
1.049199, -999, 0
1.051114, -999, 0
1.053265, -999, 0
1.055132, -999, 0
1.057628, -999, 0
1.059595, -999, 0
1.061014, -999, 0
1.062396, -999, 0
1.063968, -999, 0
1.065297, -999, 0
1.066784, -999, 0
1.068402, -999, 0
1.07039, -999, 0
1.07181, -999, 0
1.073402, -999, 0
1.075428, -999, 0
1.077187, -999, 0
1.083227, -999, 0
1.084823, -999, 0
1.086951, -999, 0
1.088397, -999, 0
1.090004, -999, 0
1.09163, -999, 0
1.094068, -999, 0
1.095899, -999, 0
1.098016, -999, 0
1.100294, -999, 0
1.102301, -999, 0
1.104294, -999, 0
1.105811, -999, 0
1.107726, -999, 0
1.110011, -999, 0
1.111502, -999, 0
1.113187, -999, 0
1.114711, -999, 0
1.116843, -999, 0
1.118603, -999, 0
1.121008, -999, 0
1.122995, -999, 0
1.125318, -999, 0
1.127711, -999, 0
1.130021, -999, 0
1.132111, -999, 0
1.133811, -999, 0
1.136111, -999, 0
1.138412, -999, 0
1.140826, -999, 0
1.143574, -999, 0
1.145805, -999, 0
1.148006, -999, 0
1.150553, -999, 0
1.152606, -999, 0
1.154793, -999, 0
1.156589, -999, 0
1.158798, -999, 0
1.1611, -999, 0
1.163601, -999, 0
1.166087, -999, 0
1.168012, -999, 0
1.170594, -999, 0
1.172799, -999, 0
1.175107, -999, 0
1.177516, -999, 0
1.180006, -999, 0
1.182093, -999, 0
1.184191, -999, 0
1.186722, -999, 0
1.189312, -999, 0
1.191546, -999, 0
1.193907, -999, 0
1.196096, -999, 0
1.198391, -999, 0
1.201053, -999, 0
1.203458, -999, 0
1.205602, -999, 0
1.207906, -999, 0
1.210662, -999, 0
1.220507, -999, 0
1.223162, -999, 0
1.225371, -999, 0
1.228204, -999, 0
1.230631, -999, 0
1.233241, -999, 0
1.235952, -999, 0
1.238297, -999, 0
1.241003, -999, 0
1.244101, -999, 0
1.246101, -999, 0
1.248593, -999, 0
1.251335, -999, 0
1.254224, -999, 0
1.256668, -999, 0
1.259205, -999, 0
1.261533, -999, 0
1.264124, -999, 0
1.266538, -999, 0
1.269176, -999, 0
1.271629, -999, 0
1.274293, -999, 0
1.277142, -999, 0
1.27971, -999, 0
1.281804, -999, 0
1.283906, -999, 0
1.28651, -999, 0
1.288576, -999, 0
1.29091, -999, 0
1.293632, -999, 0
1.295789, -999, 0
1.298286, -999, 0
1.300905, -999, 0
1.303268, -999, 0
1.305318, -999, 0
1.307719, -999, 0
1.31049, -999, 0
1.312838, -999, 0
1.315293, -999, 0
1.317897, -999, 0
1.320194, -999, 0
1.322777, -999, 0
1.324789, -999, 0
1.327593, -999, 0
1.329697, -999, 0
1.332518, -999, 0
1.334993, -999, 0
1.337532, -999, 0
1.340209, -999, 0
1.342409, -999, 0
1.344708, -999, 0
1.347097, -999, 0
1.349697, -999, 0
1.351802, -999, 0
1.353998, -999, 0
1.356493, -999, 0
1.359088, -999, 0
1.361403, -999, 0
1.363978, -999, 0
1.365983, -999, 0
1.368298, -999, 0
1.370706, -999, 0
1.372799, -999, 0
1.375053, -999, 0
1.37781, -999, 0
1.380528, -999, 0
1.383088, -999, 0
1.385657, -999, 0
1.388093, -999, 0
1.390329, -999, 0
1.393106, -999, 0
1.395532, -999, 0
1.398024, -999, 0
1.400446, -999, 0
1.402994, -999, 0
1.405231, -999, 0
1.407794, -999, 0
1.410207, -999, 0
1.414779, -999, 0
1.420856, -999, 0
1.423378, -999, 0
1.425744, -999, 0
1.427903, -999, 0
1.430492, -999, 0
1.43272, -999, 0
1.435206, -999, 0
1.437822, -999, 0
1.440961, -999, 0
1.443614, -999, 0
1.445994, -999, 0
1.448095, -999, 0
1.450187, -999, 0
1.452398, -999, 0
1.454896, -999, 0
1.457266, -999, 0
1.459315, -999, 0
1.461513, -999, 0
1.464108, -999, 0
1.466778, -999, 0
1.468819, -999, 0
1.471403, -999, 0
1.474177, -999, 0
1.47702, -999, 0
1.479483, -999, 0
1.48171, -999, 0
1.484281, -999, 0
1.486523, -999, 0
1.488897, -999, 0
1.491311, -999, 0
1.494024, -999, 0
1.496195, -999, 0
1.498687, -999, 0
1.50091, -999, 0
1.503011, -999, 0
1.505508, -999, 0
1.507825, -999, 0
1.51029, -999, 0
1.515006, -999, 0
1.52189, -999, 0
1.530974, -999, 0
1.537925, -999, 0
1.547272, -999, 0
1.554512, -999, 0
1.562945, -999, 0
1.569413, -999, 0
1.57568, -999, 0
1.581235, -999, 0
1.586529, -999, 0
1.593819, -999, 0
1.599328, -999, 0
1.601595, -999, 0
1.604152, -999, 0
1.606429, -999, 0
1.609526, -999, 0
1.612129, -999, 0
1.614641, -999, 0
1.617256, -999, 0
1.619753, -999, 0
1.622208, -999, 0
1.624846, -999, 0
1.627825, -999, 0
1.630213, -999, 0
1.632646, -999, 0
1.635102, -999, 0
1.637765, -999, 0
1.640113, -999, 0
1.642416, -999, 0
1.644596, -999, 0
1.646695, -999, 0
1.649422, -999, 0
1.651407, -999, 0
1.653723, -999, 0
1.656408, -999, 0
1.658522, -999, 0
1.66112, -999, 0
1.663387, -999, 0
1.665581, -999, 0
1.667601, -999, 0
1.669684, -999, 0
1.671935, -999, 0
1.674495, -999, 0
1.676979, -999, 0
1.679515, -999, 0
1.681894, -999, 0
1.684034, -999, 0
1.686286, -999, 0
1.688327, -999, 0
1.690588, -999, 0
1.692593, -999, 0
1.694906, -999, 0
1.698022, -999, 0
1.700018, -999, 0
1.702596, -999, 0
1.705261, -999, 0
1.707458, -999, 0
1.709498, -999, 0
1.711697, -999, 0
1.713794, -999, 0
1.715923, -999, 0
1.718397, -999, 0
1.72092, -999, 0
1.723031, -999, 0
1.725131, -999, 0
1.727716, -999, 0
1.730059, -999, 0
1.732284, -999, 0
1.734825, -999, 0
1.736887, -999, 0
1.739442, -999, 0
1.741895, -999, 0
1.74482, -999, 0
1.747422, -999, 0
1.749794, -999, 0
1.752248, -999, 0
1.754506, -999, 0
1.757126, -999, 0
1.75938, -999, 0
1.761766, -999, 0
1.764009, -999, 0
1.766098, -999, 0
1.7684, -999, 0
1.770927, -999, 0
1.772989, -999, 0
1.775253, -999, 0
1.777997, -999, 0
1.780619, -999, 0
1.783225, -999, 0
1.785908, -999, 0
1.788, -999, 0
1.790298, -999, 0
1.792909, -999, 0
1.795242, -999, 0
1.797811, -999, 0
1.800343, -999, 0
1.803152, -999, 0
1.806157, -999, 0
1.808661, -999, 0
1.811318, -999, 0
1.813817, -999, 0
1.816316, -999, 0
1.818641, -999, 0
1.821316, -999, 0
1.823962, -999, 0
1.826821, -999, 0
1.829309, -999, 0
1.831905, -999, 0
1.834429, -999, 0
1.836713, -999, 0
1.839125, -999, 0
1.841313, -999, 0
1.843845, -999, 0
1.84642, -999, 0
1.849014, -999, 0
1.851059, -999, 0
1.853113, -999, 0
1.855321, -999, 0
1.858105, -999, 0
1.868305, -999, 0
1.874339, -999, 0
1.87675, -999, 0
1.879238, -999, 0
1.881718, -999, 0
1.883831, -999, 0
1.886208, -999, 0
1.888723, -999, 0
1.891087, -999, 0
1.893998, -999, 0
1.896105, -999, 0
1.898718, -999, 0
1.900838, -999, 0
1.903524, -999, 0
1.90626, -999, 0
1.908207, -999, 0
1.911006, -999, 0
1.913273, -999, 0
1.915866, -999, 0
1.918409, -999, 0
1.921021, -999, 0
1.923513, -999, 0
1.925724, -999, 0
1.928036, -999, 0
1.93061, -999, 0
1.933139, -999, 0
1.935508, -999, 0
1.937895, -999, 0
1.940343, -999, 0
1.942915, -999, 0
1.945215, -999, 0
1.947723, -999, 0
1.94982, -999, 0
1.952232, -999, 0
1.954609, -999, 0
1.956816, -999, 0
1.959086, -999, 0
1.961419, -999, 0
2.018808, -999, 0
2.044061, -999, 0
2.05165, -999, 0
2.054151, -999, 0
2.057054, -999, 0
2.05961, -999, 0
2.0623, -999, 0
2.064939, -999, 0
2.067567, -999, 0
2.070207, -999, 0
2.072749, -999, 0
2.075372, -999, 0
2.077938, -999, 0
2.080416, -999, 0
2.083005, -999, 0
2.085603, -999, 0
2.087718, -999, 0
2.0897, -999, 0
2.091204, -999, 0
2.093315, -999, 0
2.095424, -999, 0
2.096919, -999, 0
2.09829, -999, 0
2.100218, -999, 0
2.102732, -999, 0
2.104518, -999, 0
2.10581, -999, 0
2.107162, -999, 0
2.108437, -999, 0
2.11011, -999, 0
2.112103, -999, 0
2.114009, -999, 0
2.115327, -999, 0
2.116539, -999, 0
2.11813, -999, 0
2.119303, -999, 0
2.120718, -999, 0
2.123204, -999, 0
2.124429, -999, 0
2.125804, -999, 0
2.127096, -999, 0
2.128413, -999, 0
2.129701, -999, 0
2.130916, -999, 0
2.132119, -999, 0
2.133407, -999, 0
2.134693, -999, 0
2.136001, -999, 0
2.137202, -999, 0
2.138398, -999, 0
2.139823, -999, 0
2.141689, -999, 0
2.143703, -999, 0
2.145926, -999, 0
2.147599, -999, 0
2.148802, -999, 0
2.15011, -999, 0
2.152216, -999, 0
2.15429, -999, 0
2.156071, -999, 0
2.157292, -999, 0
2.158505, -999, 0
2.160021, -999, 0
2.162024, -999, 0
2.163916, -999, 0
2.166035, -999, 0
2.167998, -999, 0
2.169922, -999, 0
2.171802, -999, 0
2.173228, -999, 0
2.174614, -999, 0
2.176921, -999, 0
2.178972, -999, 0
2.180595, -999, 0
2.182013, -999, 0
2.183471, -999, 0
2.184804, -999, 0
2.186336, -999, 0
2.188681, -999, 0
2.190404, -999, 0
2.191699, -999, 0
2.194048, -999, 0
2.195338, -999, 0
2.196711, -999, 0
2.198199, -999, 0
2.199488, -999, 0
2.201011, -999, 0
2.20256, -999, 0
2.204008, -999, 0
2.205507, -999, 0
2.207823, -999, 0
2.210036, -999, 0
2.21211, -999, 0
2.214384, -999, 0
2.216261, -999, 0
2.217906, -999, 0
2.219499, -999, 0
2.220995, -999, 0
2.222605, -999, 0
2.224109, -999, 0
2.225811, -999, 0
2.227607, -999, 0
2.229889, -999, 0
2.232314, -999, 0
2.234519, -999, 0
2.236326, -999, 0
2.23789, -999, 0
2.23979, -999, 0
2.241988, -999, 0
2.244328, -999, 0
2.247079, -999, 0
2.249121, -999, 0
2.251406, -999, 0
2.253503, -999, 0
2.255789, -999, 0
2.258657, -999, 0
2.26089, -999, 0
2.263394, -999, 0
2.266654, -999, 0
2.269459, -999, 0
2.271993, -999, 0
2.274627, -999, 0
2.277104, -999, 0
2.279609, -999, 0
2.286904, -999, 0
2.289399, -999, 0
2.292315, -999, 0
2.294485, -999, 0
2.296718, -999, 0
2.299425, -999, 0
2.301512, -999, 0
2.303819, -999, 0
2.306333, -999, 0
2.308828, -999, 0
2.311249, -999, 0
2.313922, -999, 0
2.316197, -999, 0
2.318518, -999, 0
2.320704, -999, 0
2.323406, -999, 0
2.326089, -999, 0
2.328518, -999, 0
2.331326, -999, 0
2.333954, -999, 0
2.336625, -999, 0
2.339012, -999, 0
2.341706, -999, 0
2.344278, -999, 0
2.346534, -999, 0
2.349208, -999, 0
2.351417, -999, 0
2.353618, -999, 0
2.356107, -999, 0
2.358297, -999, 0
2.361343, -999, 0
2.363826, -999, 0
2.366236, -999, 0
2.368626, -999, 0
2.371642, -999, 0
2.3742, -999, 0
2.376289, -999, 0
2.378612, -999, 0
2.38129, -999, 0
2.3836, -999, 0
2.385979, -999, 0
2.389, -999, 0
2.391319, -999, 0
2.393559, -999, 0
2.398724, -999, 0
2.401528, -999, 0
2.403792, -999, 0
2.409929, -999, 0
2.412627, -999, 0
2.429804, -999, 0
2.435146, -999, 0
2.437647, -999, 0
2.440148, -999, 0
2.442262, -999, 0
2.445131, -999, 0
2.447897, -999, 0
2.456939, -999, 0
2.461059, -999, 0
2.469998, -999, 0
2.475412, -999, 0
2.478138, -999, 0
2.480771, -999, 0
2.483211, -999, 0
2.485605, -999, 0
2.488087, -999, 0
2.491027, -999, 0
2.493981, -999, 0
2.496656, -999, 0
2.498509, -999, 0
2.50121, -999, 0
2.503704, -999, 0
2.506227, -999, 0
2.508827, -999, 0
2.51143, -999, 0
2.513908, -999, 0
2.516565, -999, 0
2.518509, -999, 0
2.520986, -999, 0
2.523419, -999, 0
2.525552, -999, 0
2.527763, -999, 0
2.530313, -999, 0
2.532472, -999, 0
2.534982, -999, 0
2.537121, -999, 0
2.539289, -999, 0
2.541395, -999, 0
2.544212, -999, 0
2.546307, -999, 0
2.548506, -999, 0
2.551211, -999, 0
2.553607, -999, 0
2.555707, -999, 0
2.558126, -999, 0
2.561053, -999, 0
2.5635, -999, 0
2.565797, -999, 0
2.567805, -999, 0
2.570621, -999, 0
2.572934, -999, 0
2.575097, -999, 0
2.57761, -999, 0
2.579701, -999, 0
2.581929, -999, 0
2.584618, -999, 0
2.587108, -999, 0
2.589606, -999, 0
2.591899, -999, 0
2.594374, -999, 0
2.596902, -999, 0
2.599113, -999, 0
2.601091, -999, 0
2.603309, -999, 0
2.605453, -999, 0
2.607538, -999, 0
2.61003, -999, 0
2.612554, -999, 0
2.614603, -999, 0
2.617061, -999, 0
2.619412, -999, 0
2.621498, -999, 0
2.623809, -999, 0
2.625894, -999, 0
2.628557, -999, 0
2.630711, -999, 0
2.633311, -999, 0
2.636114, -999, 0
2.638737, -999, 0
2.641249, -999, 0
2.644114, -999, 0
2.646945, -999, 0
2.649178, -999, 0
2.651362, -999, 0
2.653401, -999, 0
2.655608, -999, 0
2.658199, -999, 0
2.660727, -999, 0
2.663325, -999, 0
2.665318, -999, 0
2.668024, -999, 0
2.6703, -999, 0
2.672958, -999, 0
2.675152, -999, 0
2.678127, -999, 0
2.681021, -999, 0
2.683532, -999, 0
2.686272, -999, 0
2.688743, -999, 0
2.691589, -999, 0
2.694551, -999, 0
2.697415, -999, 0
2.700435, -999, 0
2.703144, -999, 0
2.705853, -999, 0
2.709061, -999, 0
2.711353, -999, 0
2.714137, -999, 0
2.716846, -999, 0
2.719928, -999, 0
2.723235, -999, 0
2.725755, -999, 0
2.728249, -999, 0
2.731579, -999, 0
2.734265, -999, 0
2.737036, -999, 0
2.73985, -999, 0
2.743096, -999, 0
2.745642, -999, 0
2.748331, -999, 0
2.750857, -999, 0
2.753638, -999, 0
2.756243, -999, 0
2.758693, -999, 0
2.761641, -999, 0
2.765158, -999, 0
2.767972, -999, 0
2.770631, -999, 0
2.773557, -999, 0
2.775957, -999, 0
2.778448, -999, 0
2.781132, -999, 0
2.783965, -999, 0
2.787261, -999, 0
2.790112, -999, 0
2.792487, -999, 0
2.794968, -999, 0
2.798147, -999, 0
2.800514, -999, 0
2.803131, -999, 0
2.80587, -999, 0
2.809186, -999, 0
2.811837, -999, 0
2.814537, -999, 0
2.817301, -999, 0
2.820142, -999, 0
2.822638, -999, 0
2.825495, -999, 0
2.828666, -999, 0
2.835553, -999, 0
2.842537, -999, 0
2.845045, -999, 0
2.8476, -999, 0
2.850545, -999, 0
2.853367, -999, 0
2.856039, -999, 0
2.858433, -999, 0
2.861932, -999, 0
2.866194, -999, 0
2.873865, -999, 0
2.877126, -999, 0
2.879654, -999, 0
2.882331, -999, 0
2.884818, -999, 0
2.887865, -999, 0
2.890364, -999, 0
2.893397, -999, 0
2.895642, -999, 0
2.898672, -999, 0
2.905017, -999, 0
2.907495, -999, 0
2.910901, -999, 0
2.920797, -999, 0
2.923248, -999, 0
2.925514, -999, 0
2.928252, -999, 0
2.93105, -999, 0
2.933542, -999, 0
2.936535, -999, 0
2.939242, -999, 0
2.941622, -999, 0
2.944188, -999, 0
2.947632, -999, 0
2.953495, -999, 0
2.956865, -999, 0
2.963205, -999, 0
2.965415, -999, 0
2.968363, -999, 0
2.974241, -999, 0
2.977256, -999, 0
2.979735, -999, 0
2.982549, -999, 0
2.984922, -999, 0
2.987692, -999, 0
2.99064, -999, 0
2.993222, -999, 0
2.995543, -999, 0
2.998117, -999, 0
3.000899, -999, 0
3.003206, -999, 0
3.005808, -999, 0
3.008723, -999, 0
3.011557, -999, 0
3.02115, -999, 0
3.024368, -999, 0
3.027217, -999, 0
3.030028, -999, 0
3.032636, -999, 0
3.035383, -999, 0
3.037917, -999, 0
3.040903, -999, 0
3.04399, -999, 0
3.046519, -999, 0
3.049232, -999, 0
3.051716, -999, 0
3.054317, -999, 0
3.057029, -999, 0
3.06365, -999, 0
3.066622, -999, 0
3.069441, -999, 0
3.078238, -999, 0
3.080451, -999, 0
3.083007, -999, 0
3.085624, -999, 0
3.088228, -999, 0
3.091418, -999, 0
3.09442, -999, 0
3.097135, -999, 0
3.099622, -999, 0
3.102363, -999, 0
3.10559, -999, 0
3.108045, -999, 0
3.111181, -999, 0
3.113748, -999, 0
3.116447, -999, 0
3.119126, -999, 0
3.121836, -999, 0
3.124845, -999, 0
3.132045, -999, 0
3.134756, -999, 0
3.146123, -999, 0
3.149154, -999, 0
3.152151, -999, 0
3.154738, -999, 0
3.157967, -999, 0
3.160659, -999, 0
3.163628, -999, 0
3.16619, -999, 0
3.169347, -999, 0
3.171738, -999, 0
3.1746, -999, 0
3.177636, -999, 0
3.180388, -999, 0
3.183097, -999, 0
3.185616, -999, 0
3.188228, -999, 0
3.199466, -49.66061, 0.7117963
3.20219, -49.66061, 0.7117963
3.212871, -49.66061, 0.7117963
3.216254, -999, 0.7117963
3.218932, -999, 0.7117963
3.22152, -999, 0.7117963
3.223823, -999, 0.7117963
3.227297, -999, 0.7117963
3.236334, -999, 0.7117963
3.238924, -999, 0.7117963
3.24191, -999, 0.7117963
3.244615, -999, 0.7117963
3.247342, -999, 0.7117963
3.249815, -999, 0.7117963
3.252311, -999, 0.7117963
3.254926, -999, 0.7117963
3.257854, -999, 0.7117963
3.260739, -999, 0.7117963
3.263312, -999, 0.7117963
3.265837, -999, 0.7117963
3.26839, -999, 0.7117963
3.271071, -999, 0.7117963
3.279388, -999, 0.7117963
3.282096, -999, 0.7117963
3.292205, -999, 0.7117963
3.294135, -999, 0.7117963
3.29683, -999, 0.7117963
3.29943, -999, 0.7117963
3.30241, -999, 0.7117963
3.306223, -999, 0.7117963
3.30786, -999, 0.7117963
3.310909, -999, 0.7117963
3.313624, -999, 0.7117963
3.316147, -999, 0.7117963
3.31871, -999, 0.7117963
3.321534, -999, 0.7117963
3.324712, -999, 0.7117963
3.328758, -999, 0.7117963
3.335643, -999, 0.7117963
3.340346, -999, 0.7117963
3.343168, -999, 0.7117963
3.345426, -999, 0.7117963
3.351138, -999, 0.7117963
3.352114, -999, 0.7117963
3.354728, -999, 0.7117963
3.357552, -999, 0.7117963
3.361041, -999, 0.7117963
3.363911, -999, 0.7117963
3.366478, -999, 0.7117963
3.368737, -999, 0.7117963
3.371838, -999, 0.7117963
3.374237, -999, 0.7117963
3.376941, -999, 0.7117963
3.37967, -999, 0.7117963
3.383776, -999, 0.7117963
3.385231, -999, 0.7117963
3.387798, -999, 0.7117963
3.390918, -999, 0.7117963
3.394042, -999, 0.7117963
3.395741, -999, 0.7117963
3.398312, -999, 0.7117963
3.400915, -999, 0.7117963
3.404364, -999, 0.7117963
3.406228, -999, 0.7117963
3.408889, -999, 0.7117963
3.411322, -999, 0.7117963
3.41391, -999, 0.7117963
3.417501, -999, 0.7117963
3.419324, -999, 0.7117963
3.421913, -999, 0.7117963
3.424545, -999, 0.7117963
3.428297, -999, 0.7117963
3.430115, -999, 0.7117963
3.432607, -999, 0.7117963
3.43521, -999, 0.7117963
3.438593, -999, 0.7117963
3.440611, -999, 0.7117963
3.443308, -999, 0.7117963
3.445934, -999, 0.7117963
3.449819, -999, 0.7117963
3.451068, -999, 0.7117963
3.453618, -999, 0.7117963
3.456405, -999, 0.7117963
3.45907, -999, 0.7117963
3.462455, -999, 0.7117963
3.46414, -999, 0.7117963
3.466735, -999, 0.7117963
3.469331, -999, 0.7117963
3.472621, -999, 0.7117963
3.474574, -999, 0.7117963
3.47703, -999, 0.7117963
3.479635, -999, 0.7117963
3.48233, -999, 0.7117963
3.485468, -999, 0.7117963
3.487357, -999, 0.7117963
3.490028, -999, 0.7117963
3.492219, -999, 0.7117963
3.495443, -999, 0.7117963
3.497118, -999, 0.7117963
3.499666, -999, 0.7117963
3.502306, -999, 0.7117963
3.505513, -999, 0.7117963
3.507612, -999, 0.7117963
3.510216, -999, 0.7117963
3.512814, -999, 0.7117963
3.515213, -999, 0.7117963
3.518502, -999, 0.7117963
3.520439, -999, 0.7117963
3.523132, -999, 0.7117963
3.525826, -999, 0.7117963
3.528113, -999, 0.7117963
3.53074, -999, 0.7117963
3.533464, -999, 0.7117963
3.536019, -999, 0.7117963
3.538614, -999, 0.7117963
3.541342, -999, 0.7117963
3.544109, -999, 0.7117963
3.54686, -999, 0.7117963
3.549425, -999, 0.7117963
3.552137, -999, 0.7117963
3.554816, -999, 0.7117963
3.557658, -999, 0.7117963
3.560921, -999, 0.7117963
3.563342, -999, 0.7117963
3.565863, -999, 0.7117963
3.568325, -999, 0.7117963
3.571347, -999, 0.7117963
3.576962, -999, 0.7117963
3.579718, -999, 0.7117963
3.582375, -999, 0.7117963
3.585902, -999, 0.7117963
3.587584, -999, 0.7117963
3.59011, -999, 0.7117963
3.592335, -999, 0.7117963
3.595427, -999, 0.7117963
3.5981, -999, 0.7117963
3.60067, -999, 0.7117963
3.603369, -999, 0.7117963
3.606628, -999, 0.7117963
3.608669, -999, 0.7117963
3.610931, -999, 0.7117963
3.613394, -999, 0.7117963
3.616031, -999, 0.7117963
3.619536, -999, 0.7117963
3.621099, -999, 0.7117963
3.623816, -999, 0.7117963
3.626902, -999, 0.7117963
3.630432, -999, 0.7117963
3.6323, -999, 0.7117963
3.634943, -999, 0.7117963
3.637423, -999, 0.7117963
3.640013, -999, 0.7117963
3.642263, -999, 0.7117963
3.644729, -999, 0.7117963
3.647206, -999, 0.7117963
3.649925, -999, 0.7117963
3.652547, -999, 0.7117963
3.655008, -999, 0.7117963
3.657908, -999, 0.7117963
3.66071, -999, 0.7117963
3.663738, -999, 0.7117963
3.666422, -999, 0.7117963
3.669035, -999, 0.7117963
3.671649, -999, 0.7117963
3.677209, -999, 0.7117963
3.678213, -999, 0.7117963
3.680817, -999, 0.7117963
3.68343, -999, 0.7117963
3.686787, -999, 0.7117963
3.688827, -999, 0.7117963
3.691455, -999, 0.7117963
3.694417, -999, 0.7117963
3.697761, -999, 0.7117963
3.699433, -999, 0.7117963
3.702014, -999, 0.7117963
3.70483, -999, 0.7117963
3.707777, -999, 0.7117963
3.711945, -999, 0.7117963
3.713419, -999, 0.7117963
3.716041, -999, 0.7117963
3.719598, -999, 0.7117963
3.721342, -999, 0.7117963
3.72432, -999, 0.7117963
3.726843, -999, 0.7117963
3.729428, -999, 0.7117963
3.733855, -999, 0.7117963
3.734967, -999, 0.7117963
3.737414, -999, 0.7117963
3.740216, -999, 0.7117963
3.744174, -999, 0.7117963
3.747033, -999, 0.7117963
3.74958, -999, 0.7117963
3.753107, -999, 0.7117963
3.754802, -999, 0.7117963
3.757639, -999, 0.7117963
3.760516, -999, 0.7117963
3.76334, -999, 0.7117963
3.766985, -999, 0.7117963
3.769592, -999, 0.7117963
3.772005, -999, 0.7117963
3.774828, -999, 0.7117963
3.778395, -999, 0.7117963
3.780533, -999, 0.7117963
3.783201, -999, 0.7117963
3.786642, -999, 0.7117963
3.789255, -999, 0.7117963
3.792189, -999, 0.7117963
3.794422, -999, 0.7117963
3.797016, -999, 0.7117963
3.799726, -999, 0.7117963
3.802319, -999, 0.7117963
3.804922, -999, 0.7117963
3.807731, -999, 0.7117963
3.810635, -999, 0.7117963
3.813334, -999, 0.7117963
3.815849, -999, 0.7117963
3.818448, -999, 0.7117963
3.821032, -999, 0.7117963
3.823838, -999, 0.7117963
3.826726, -999, 0.7117963
3.829416, -999, 0.7117963
3.832394, -999, 0.7117963
3.834946, -999, 0.7117963
3.837517, -999, 0.7117963
3.840213, -999, 0.7117963
3.843262, -999, 0.7117963
3.845944, -999, 0.7117963
3.848535, -999, 0.7117963
3.851324, -999, 0.7117963
3.854029, -999, 0.7117963
3.856833, -999, 0.7117963
3.859625, -999, 0.7117963
3.862174, -999, 0.7117963
3.867996, -999, 0.7117963
3.869164, -999, 0.7117963
3.871826, -999, 0.7117963
3.874432, -999, 0.7117963
3.877314, -999, 0.7117963
3.879914, -999, 0.7117963
3.882554, -999, 0.7117963
3.885106, -999, 0.7117963
3.888641, -999, 0.7117963
3.891035, -999, 0.7117963
3.893836, -999, 0.7117963
3.896527, -999, 0.7117963
3.899481, -999, 0.7117963
3.902021, -999, 0.7117963
3.904531, -999, 0.7117963
3.907656, -999, 0.7117963
3.910216, -999, 0.7117963
3.912825, -999, 0.7117963
3.915425, -999, 0.7117963
3.918172, -999, 0.7117963
3.920713, -999, 0.7117963
3.923431, -999, 0.7117963
3.925811, -999, 0.7117963
3.928154, -999, 0.7117963
3.930729, -999, 0.7117963
3.933578, -999, 0.7117963
3.936151, -999, 0.7117963
3.938914, -999, 0.7117963
3.941829, -999, 0.7117963
3.94567, -999, 0.7117963
3.947343, -999, 0.7117963
3.949944, -999, 0.7117963
3.952735, -999, 0.7117963
3.956489, -999, 0.7117963
3.959296, -999, 0.7117963
3.961625, -999, 0.7117963
3.96424, -999, 0.7117963
3.967916, -999, 0.7117963
3.969514, -999, 0.7117963
3.972113, -999, 0.7117963
3.974926, -999, 0.7117963
3.978768, -999, 0.7117963
3.986909, -999, 0.7117963
3.989944, -999, 0.7117963
3.991997, -999, 0.7117963
3.995014, -999, 0.7117963
3.997312, -999, 0.7117963
4.000767, -999, 0.7117963
4.003673, -999, 0.7117963
4.006235, -999, 0.7117963
4.008541, -999, 0.7117963
4.012497, -999, 0.7117963
4.013904, -999, 0.7117963
4.016601, -999, 0.7117963
4.01922, -999, 0.7117963
4.021819, -999, 0.7117963
4.026822, -999, 0.7117963
4.027831, -999, 0.7117963
4.030519, -999, 0.7117963
4.033135, -999, 0.7117963
4.035732, -999, 0.7117963
4.038733, -999, 0.7117963
4.041429, -999, 0.7117963
4.044225, -999, 0.7117963
4.046825, -999, 0.7117963
4.049427, -999, 0.7117963
4.052026, -999, 0.7117963
4.054731, -999, 0.7117963
4.057544, -999, 0.7117963
4.060329, -999, 0.7117963
4.062952, -999, 0.7117963
4.065591, -999, 0.7117963
4.068224, -999, 0.7117963
4.071044, -999, 0.7117963
4.073617, -999, 0.7117963
4.07652, -999, 0.7117963
4.08019, -999, 0.7117963
4.08182, -999, 0.7117963
4.084617, -999, 0.7117963
4.087329, -999, 0.7117963
4.090023, -999, 0.7117963
4.092659, -999, 0.7117963
4.095581, -999, 0.7117963
4.097512, -999, 0.7117963
4.100227, -999, 0.7117963
4.102958, -999, 0.7117963
4.105442, -999, 0.7117963
4.108152, -999, 0.7117963
4.111122, -999, 0.7117963
4.113794, -999, 0.7117963
4.11636, -999, 0.7117963
4.119016, -999, 0.7117963
4.121614, -999, 0.7117963
4.127431, -999, 0.7117963
4.1301, -999, 0.7117963
4.132725, -999, 0.7117963
4.135544, -999, 0.7117963
4.138239, -999, 0.7117963
4.140921, -999, 0.7117963
4.143844, -999, 0.7117963
4.14643, -999, 0.7117963
4.149251, -999, 0.7117963
4.151931, -999, 0.7117963
4.15462, -999, 0.7117963
4.157561, -999, 0.7117963
4.160225, -999, 0.7117963
4.164188, -999, 0.7117963
4.165771, -999, 0.7117963
4.168216, -999, 0.7117963
4.173671, -999, 0.7117963
4.183211, -999, 0.7117963
4.18544, -999, 0.7117963
4.187901, -999, 0.7117963
4.190583, -999, 0.7117963
4.193216, -999, 0.7117963
4.195673, -999, 0.7117963
4.199311, -999, 0.7117963
4.202926, -999, 0.7117963
4.207921, -999, 0.7117963
4.210757, -999, 0.7117963
4.21362, -999, 0.7117963
4.216692, -999, 0.7117963
4.219477, -999, 0.7117963
4.222211, -999, 0.7117963
4.22563, -999, 0.7117963
4.228101, -999, 0.7117963
4.230574, -999, 0.7117963
4.233614, -999, 0.7117963
4.236601, -999, 0.7117963
4.238998, -999, 0.7117963
4.241328, -999, 0.7117963
4.244354, -999, 0.7117963
4.247827, -999, 0.7117963
4.250399, -999, 0.7117963
4.253118, -999, 0.7117963
4.256006, -999, 0.7117963
4.258497, -999, 0.7117963
4.261353, -999, 0.7117963
4.264033, -999, 0.7117963
4.266616, -999, 0.7117963
4.269427, -999, 0.7117963
4.272202, -999, 0.7117963
4.27511, -999, 0.7117963
4.277906, -999, 0.7117963
4.280302, -999, 0.7117963
4.283336, -999, 0.7117963
4.285798, -999, 0.7117963
4.288699, -999, 0.7117963
4.291814, -999, 0.7117963
4.302654, -999, 0.7117963
4.515191, -999, 0.7117963
4.542988, -999, 0.7117963
4.556237, -999, 0.7117963
4.566078, -999, 0.7117963
4.575474, -999, 0.7117963
4.591608, -999, 0.7117963
4.605467, -999, 0.7117963
4.61566, -999, 0.7117963
4.623726, -999, 0.7117963
4.632072, -999, 0.7117963
4.633808, -999, 0.7117963
4.636335, -999, 0.7117963
4.638634, -999, 0.7117963
4.641321, -999, 0.7117963
4.644736, -999, 0.7117963
4.652818, -999, 0.7117963
4.654233, -999, 0.7117963
4.656143, -999, 0.7117963
4.658008, -999, 0.7117963
4.659923, -999, 0.7117963
4.662097, -999, 0.7117963
4.664, -999, 0.7117963
4.665988, -999, 0.7117963
4.667135, -999, 0.7117963
4.668815, -999, 0.7117963
4.670598, -999, 0.7117963
4.671899, -999, 0.7117963
4.673298, -999, 0.7117963
4.674701, -999, 0.7117963
4.676763, -999, 0.7117963
4.678512, -999, 0.7117963
4.68051, -999, 0.7117963
4.681798, -999, 0.7117963
4.683908, -999, 0.7117963
4.685804, -999, 0.7117963
4.68766, -999, 0.7117963
4.688858, -999, 0.7117963
4.690201, -999, 0.7117963
4.692004, -999, 0.7117963
4.69329, -999, 0.7117963
4.695313, -999, 0.7117963
4.697278, -999, 0.7117963
4.698547, -999, 0.7117963
4.699714, -999, 0.7117963
4.70103, -999, 0.7117963
4.702213, -999, 0.7117963
4.704422, -999, 0.7117963
4.706104, -999, 0.7117963
4.707342, -999, 0.7117963
4.708595, -999, 0.7117963
4.709946, -999, 0.7117963
4.711112, -999, 0.7117963
4.712302, -999, 0.7117963
4.713608, -999, 0.7117963
4.71587, -999, 0.7117963
4.716805, -999, 0.7117963
4.718105, -999, 0.7117963
4.719295, -999, 0.7117963
4.720663, -999, 0.7117963
4.721801, -999, 0.7117963
4.72367, -999, 0.7117963
4.725791, -999, 0.7117963
4.727091, -999, 0.7117963
4.728989, -999, 0.7117963
4.730909, -999, 0.7117963
4.732106, -999, 0.7117963
4.734002, -999, 0.7117963
4.73601, -999, 0.7117963
4.738003, -999, 0.7117963
4.739288, -999, 0.7117963
4.740794, -999, 0.7117963
4.742522, -999, 0.7117963
4.74392, -999, 0.7117963
4.744983, -999, 0.7117963
4.747201, -999, 0.7117963
4.748792, -999, 0.7117963
4.750003, -999, 0.7117963
4.751285, -999, 0.7117963
4.752598, -999, 0.7117963
4.753885, -999, 0.7117963
4.755815, -999, 0.7117963
4.75699, -999, 0.7117963
4.7583, -999, 0.7117963
4.759502, -999, 0.7117963
4.760798, -999, 0.7117963
4.762094, -999, 0.7117963
4.763893, -999, 0.7117963
4.765278, -999, 0.7117963
4.766521, -999, 0.7117963
4.76871, -999, 0.7117963
4.770513, -999, 0.7117963
4.772412, -999, 0.7117963
4.773712, -999, 0.7117963
4.774971, -999, 0.7117963
4.776787, -999, 0.7117963
4.778205, -999, 0.7117963
4.779587, -999, 0.7117963
4.781403, -999, 0.7117963
4.782596, -999, 0.7117963
4.783812, -999, 0.7117963
4.785106, -999, 0.7117963
4.786407, -999, 0.7117963
4.787601, -999, 0.7117963
4.796093, -999, 0.7117963
4.803349, -999, 0.7117963
4.805001, -999, 0.7117963
4.807377, -999, 0.7117963
4.809257, -999, 0.7117963
4.811866, -999, 0.7117963
4.814207, -999, 0.7117963
4.816996, -999, 0.7117963
4.819345, -999, 0.7117963
4.822035, -999, 0.7117963
4.829554, -999, 0.7117963
4.831419, -999, 0.7117963
4.833788, -999, 0.7117963
4.835318, -999, 0.7117963
4.837403, -999, 0.7117963
4.839094, -999, 0.7117963
4.841116, -999, 0.7117963
4.842425, -999, 0.7117963
4.843696, -999, 0.7117963
4.845809, -999, 0.7117963
4.847602, -999, 0.7117963
4.849404, -999, 0.7117963
4.850678, -999, 0.7117963
4.852015, -999, 0.7117963
4.854192, -999, 0.7117963
4.855804, -999, 0.7117963
4.857121, -999, 0.7117963
4.858408, -999, 0.7117963
4.859607, -999, 0.7117963
4.860889, -999, 0.7117963
4.862113, -999, 0.7117963
4.863299, -999, 0.7117963
4.864517, -999, 0.7117963
4.865805, -999, 0.7117963
4.867102, -999, 0.7117963
4.868315, -999, 0.7117963
4.869609, -999, 0.7117963
4.870684, -999, 0.7117963
4.872128, -999, 0.7117963
4.874101, -999, 0.7117963
4.876303, -999, 0.7117963
4.8781, -999, 0.7117963
4.879292, -999, 0.7117963
4.880601, -999, 0.7117963
4.881807, -999, 0.7117963
4.883, -999, 0.7117963
4.884302, -999, 0.7117963
4.885515, -999, 0.7117963
4.886692, -999, 0.7117963
4.888004, -999, 0.7117963
4.889289, -999, 0.7117963
4.890735, -999, 0.7117963
4.892887, -999, 0.7117963
4.89493, -999, 0.7117963
4.896991, -999, 0.7117963
4.8988, -999, 0.7117963
4.900104, -999, 0.7117963
4.901577, -999, 0.7117963
4.902692, -999, 0.7117963
4.904107, -999, 0.7117963
4.906113, -999, 0.7117963
4.907494, -999, 0.7117963
4.909086, -999, 0.7117963
4.910308, -999, 0.7117963
4.911824, -999, 0.7117963
4.913159, -999, 0.7117963
4.914388, -999, 0.7117963
4.915685, -999, 0.7117963
4.917828, -999, 0.7117963
4.919701, -999, 0.7117963
4.921701, -999, 0.7117963
4.92329, -999, 0.7117963
4.924698, -999, 0.7117963
4.926805, -999, 0.7117963
4.928421, -999, 0.7117963
4.929788, -999, 0.7117963
4.931408, -999, 0.7117963
4.933293, -999, 0.7117963
4.934845, -999, 0.7117963
4.940431, -999, 0.7117963
4.942898, -999, 0.7117963
4.944999, -999, 0.7117963
4.946511, -999, 0.7117963
4.948009, -999, 0.7117963
4.949531, -999, 0.7117963
4.951225, -999, 0.7117963
4.953317, -999, 0.7117963
4.955497, -999, 0.7117963
4.957543, -999, 0.7117963
4.959211, -999, 0.7117963
4.961322, -999, 0.7117963
4.963276, -999, 0.7117963
4.965217, -999, 0.7117963
4.967243, -999, 0.7117963
4.968703, -999, 0.7117963
4.97455, -999, 0.7117963
4.977006, -999, 0.7117963
4.979599, -999, 0.7117963
4.981707, -999, 0.7117963
4.983788, -999, 0.7117963
4.986021, -999, 0.7117963
4.98852, -999, 0.7117963
4.99122, -999, 0.7117963
4.994213, -999, 0.7117963
4.996831, -999, 0.7117963
5.000317, -999, 0.7117963
5.003942, -999, 0.7117963
5.006207, -999, 0.7117963
5.008423, -999, 0.7117963
5.011816, -999, 0.7117963
5.014446, -999, 0.7117963
5.016965, -999, 0.7117963
5.01985, -999, 0.7117963
5.022822, -999, 0.7117963
5.025685, -999, 0.7117963
5.028588, -999, 0.7117963
5.031031, -999, 0.7117963
5.033618, -999, 0.7117963
5.036374, -999, 0.7117963
5.038832, -999, 0.7117963
5.041182, -999, 0.7117963
5.044165, -999, 0.7117963
5.046884, -999, 0.7117963
5.049447, -999, 0.7117963
5.052027, -999, 0.7117963
5.05472, -999, 0.7117963
5.057464, -999, 0.7117963
5.06069, -999, 0.7117963
5.063403, -999, 0.7117963
5.065855, -999, 0.7117963
5.068853, -999, 0.7117963
5.071239, -999, 0.7117963
5.074267, -999, 0.7117963
5.077291, -999, 0.7117963
5.079817, -999, 0.7117963
5.082695, -999, 0.7117963
5.090053, -999, 0.7117963
5.093746, -999, 0.7117963
5.101878, -999, 0.7117963
5.104043, -999, 0.7117963
5.106835, -999, 0.7117963
5.109149, -999, 0.7117963
5.112076, -999, 0.7117963
5.114734, -999, 0.7117963
5.117566, -999, 0.7117963
5.119946, -999, 0.7117963
5.122531, -999, 0.7117963
5.125231, -999, 0.7117963
5.128273, -999, 0.7117963
5.145305, -999, 0.7117963
5.148679, -999, 0.7117963
5.151329, -999, 0.7117963
5.154039, -999, 0.7117963
5.156734, -999, 0.7117963
5.159098, -999, 0.7117963
5.161714, -999, 0.7117963
5.172256, -999, 0.7117963
5.175117, -999, 0.7117963
5.177913, -999, 0.7117963
5.180506, -999, 0.7117963
5.18325, -999, 0.7117963
5.185709, -999, 0.7117963
5.188639, -999, 0.7117963
5.191412, -999, 0.7117963
5.194686, -999, 0.7117963
5.197534, -999, 0.7117963
5.200128, -999, 0.7117963
5.20253, -999, 0.7117963
5.204881, -999, 0.7117963
5.207543, -999, 0.7117963
5.210628, -999, 0.7117963
5.213316, -999, 0.7117963
5.215889, -999, 0.7117963
5.218937, -999, 0.7117963
5.22142, -999, 0.7117963
5.224223, -999, 0.7117963
5.227059, -999, 0.7117963
5.229512, -999, 0.7117963
5.232107, -999, 0.7117963
5.234735, -999, 0.7117963
5.237127, -999, 0.7117963
5.239723, -999, 0.7117963
5.242029, -999, 0.7117963
5.244415, -999, 0.7117963
5.247009, -999, 0.7117963
5.249637, -999, 0.7117963
5.252369, -999, 0.7117963
5.255136, -999, 0.7117963
5.258048, -999, 0.7117963
5.261064, -999, 0.7117963
5.263732, -999, 0.7117963
5.266346, -999, 0.7117963
5.269361, -999, 0.7117963
5.271646, -999, 0.7117963
5.274259, -999, 0.7117963
5.277105, -999, 0.7117963
5.279849, -999, 0.7117963
5.282758, -999, 0.7117963
5.285361, -999, 0.7117963
5.295689, -999, 0.7117963
5.297624, -999, 0.7117963
5.300571, -999, 0.7117963
5.303526, -999, 0.7117963
5.306348, -999, 0.7117963
5.308637, -999, 0.7117963
5.311639, -999, 0.7117963
5.314325, -999, 0.7117963
5.317032, -999, 0.7117963
5.319639, -999, 0.7117963
5.322444, -999, 0.7117963
5.325459, -999, 0.7117963
5.327825, -999, 0.7117963
5.330419, -999, 0.7117963
5.333014, -999, 0.7117963
5.335751, -999, 0.7117963
5.338333, -999, 0.7117963
5.341317, -999, 0.7117963
5.344339, -999, 0.7117963
5.34712, -999, 0.7117963
5.349765, -999, 0.7117963
5.364944, -999, 0.7117963
5.380121, -999, 0.7117963
5.390347, -999, 0.7117963
5.394114, -999, 0.7117963
5.402729, -999, 0.7117963
5.403905, -999, 0.7117963
5.406603, -999, 0.7117963
5.408813, -999, 0.7117963
5.411909, -999, 0.7117963
5.414627, -999, 0.7117963
5.417133, -999, 0.7117963
5.420035, -999, 0.7117963
5.422523, -999, 0.7117963
5.425246, -999, 0.7117963
5.428133, -999, 0.7117963
5.431958, -999, 0.7117963
5.439524, -999, 0.7117963
5.441703, -999, 0.7117963
5.443994, -999, 0.7117963
5.446327, -999, 0.7117963
5.448808, -999, 0.7117963
5.452063, -999, 0.7117963
5.45465, -999, 0.7117963
5.457547, -999, 0.7117963
5.460599, -999, 0.7117963
5.463346, -999, 0.7117963
5.465581, -999, 0.7117963
5.468108, -999, 0.7117963
5.470439, -999, 0.7117963
5.473117, -999, 0.7117963
5.47536, -999, 0.7117963
5.479216, -999, 0.7117963
5.480425, -999, 0.7117963
5.483042, -999, 0.7117963
5.485736, -999, 0.7117963
5.488209, -999, 0.7117963
5.491041, -999, 0.7117963
5.494034, -999, 0.7117963
5.496516, -999, 0.7117963
5.499177, -999, 0.7117963
5.501725, -999, 0.7117963
5.504313, -999, 0.7117963
5.507067, -999, 0.7117963
5.510021, -999, 0.7117963
5.512622, -999, 0.7117963
5.515221, -999, 0.7117963
5.51825, -999, 0.7117963
5.520833, -999, 0.7117963
5.523619, -999, 0.7117963
5.526605, -999, 0.7117963
5.529564, -999, 0.7117963
5.532318, -999, 0.7117963
5.534841, -999, 0.7117963
5.537643, -999, 0.7117963
5.540238, -999, 0.7117963
5.542571, -999, 0.7117963
5.54492, -999, 0.7117963
5.547511, -999, 0.7117963
5.550152, -999, 0.7117963
5.552767, -999, 0.7117963
5.555335, -999, 0.7117963
5.55811, -999, 0.7117963
5.560917, -999, 0.7117963
5.563778, -999, 0.7117963
5.566325, -999, 0.7117963
5.568824, -999, 0.7117963
5.571712, -999, 0.7117963
5.574254, -999, 0.7117963
5.577224, -999, 0.7117963
5.580021, -999, 0.7117963
5.582741, -999, 0.7117963
5.585445, -999, 0.7117963
5.588025, -999, 0.7117963
5.590878, -999, 0.7117963
5.593842, -999, 0.7117963
5.596949, -999, 0.7117963
5.599566, -999, 0.7117963
5.602435, -999, 0.7117963
5.605223, -999, 0.7117963
5.608074, -999, 0.7117963
5.611075, -999, 0.7117963
5.613851, -999, 0.7117963
5.616454, -999, 0.7117963
5.619053, -999, 0.7117963
5.621732, -999, 0.7117963
5.624849, -999, 0.7117963
5.628214, -999, 0.7117963
5.631069, -999, 0.7117963
5.63374, -999, 0.7117963
5.636565, -999, 0.7117963
5.639123, -999, 0.7117963
5.64154, -999, 0.7117963
5.644744, -999, 0.7117963
5.647457, -999, 0.7117963
5.650057, -999, 0.7117963
5.652852, -999, 0.7117963
5.655572, -999, 0.7117963
5.658322, -999, 0.7117963
5.661319, -999, 0.7117963
5.664258, -999, 0.7117963
5.667238, -999, 0.7117963
5.669954, -999, 0.7117963
5.672532, -999, 0.7117963
5.675324, -999, 0.7117963
5.678219, -999, 0.7117963
5.681032, -999, 0.7117963
5.683634, -999, 0.7117963
5.686555, -999, 0.7117963
5.68924, -999, 0.7117963
5.691628, -999, 0.7117963
5.694525, -999, 0.7117963
5.697124, -999, 0.7117963
5.699825, -999, 0.7117963
5.702643, -999, 0.7117963
5.705384, -999, 0.7117963
5.708428, -999, 0.7117963
5.711228, -999, 0.7117963
5.713928, -999, 0.7117963
5.716833, -999, 0.7117963
5.719661, -999, 0.7117963
5.72285, -999, 0.7117963
5.725512, -999, 0.7117963
5.728121, -999, 0.7117963
5.731046, -999, 0.7117963
5.733356, -999, 0.7117963
5.736158, -999, 0.7117963
5.738608, -999, 0.7117963
5.741551, -999, 0.7117963
5.745008, -999, 0.7117963
5.747541, -999, 0.7117963
5.750362, -999, 0.7117963
5.75307, -999, 0.7117963
5.75583, -999, 0.7117963
5.758689, -999, 0.7117963
5.761436, -999, 0.7117963
5.764164, -999, 0.7117963
5.767053, -999, 0.7117963
5.778354, -999, 0.7117963
5.781222, -999, 0.7117963
5.783845, -999, 0.7117963
5.78653, -999, 0.7117963
5.78927, -999, 0.7117963
5.792124, -999, 0.7117963
5.794907, -999, 0.7117963
5.797743, -999, 0.7117963
5.800469, -999, 0.7117963
5.802813, -999, 0.7117963
5.805441, -999, 0.7117963
5.808306, -999, 0.7117963
5.811314, -999, 0.7117963
5.81382, -999, 0.7117963
5.816733, -999, 0.7117963
5.819428, -999, 0.7117963
5.822032, -999, 0.7117963
5.824848, -999, 0.7117963
5.827726, -999, 0.7117963
5.830325, -999, 0.7117963
5.833039, -999, 0.7117963
5.835928, -999, 0.7117963
5.838521, -999, 0.7117963
5.841504, -999, 0.7117963
5.844569, -999, 0.7117963
5.847329, -999, 0.7117963
5.849936, -999, 0.7117963
5.852756, -999, 0.7117963
5.855355, -999, 0.7117963
5.858213, -999, 0.7117963
5.861034, -999, 0.7117963
5.863724, -999, 0.7117963
5.866384, -999, 0.7117963
5.869145, -999, 0.7117963
5.872329, -999, 0.7117963
5.875574, -999, 0.7117963
5.878753, -999, 0.7117963
5.881628, -999, 0.7117963
5.884303, -999, 0.7117963
5.886907, -999, 0.7117963
5.889972, -999, 0.7117963
5.892534, -999, 0.7117963
5.895518, -999, 0.7117963
5.898128, -999, 0.7117963
5.901311, -999, 0.7117963
5.903641, -999, 0.7117963
5.90624, -999, 0.7117963
5.909137, -999, 0.7117963
5.911563, -999, 0.7117963
5.914327, -999, 0.7117963
5.91681, -999, 0.7117963
5.919821, -999, 0.7117963
5.922643, -999, 0.7117963
5.925348, -999, 0.7117963
5.928401, -999, 0.7117963
5.930919, -999, 0.7117963
5.933535, -999, 0.7117963
5.936259, -999, 0.7117963
5.938604, -999, 0.7117963
5.941215, -999, 0.7117963
5.944006, -999, 0.7117963
5.946303, -999, 0.7117963
5.949275, -999, 0.7117963
5.952524, -999, 0.7117963
5.95506, -999, 0.7117963
5.957724, -999, 0.7117963
5.960605, -999, 0.7117963
5.971274, -999, 0.7117963
5.973481, -999, 0.7117963
5.976192, -999, 0.7117963
5.978703, -999, 0.7117963
5.981214, -999, 0.7117963
5.983611, -999, 0.7117963
5.986015, -999, 0.7117963
5.988387, -999, 0.7117963
5.990817, -999, 0.7117963
5.994115, -999, 0.7117963
6.003346, -999, 0.7117963
6.00604, -999, 0.7117963
6.00829, -999, 0.7117963
6.011313, -999, 0.7117963
6.013865, -999, 0.7117963
6.016256, -999, 0.7117963
6.018396, -999, 0.7117963
6.020898, -999, 0.7117963
6.022982, -999, 0.7117963
6.025186, -999, 0.7117963
6.028072, -999, 0.7117963
6.029904, -999, 0.7117963
6.032494, -999, 0.7117963
6.034647, -999, 0.7117963
6.03677, -999, 0.7117963
6.038927, -999, 0.7117963
6.041287, -999, 0.7117963
6.043992, -999, 0.7117963
6.046209, -999, 0.7117963
6.048467, -999, 0.7117963
6.050901, -999, 0.7117963
6.053481, -999, 0.7117963
6.056805, -999, 0.7117963
6.059502, -999, 0.7117963
6.061773, -999, 0.7117963
6.064305, -999, 0.7117963
6.066851, -999, 0.7117963
6.069288, -999, 0.7117963
6.071569, -999, 0.7117963
6.080307, -999, 0.7117963
6.0823, -999, 0.7117963
6.084825, -999, 0.7117963
6.087289, -999, 0.7117963
6.089602, -999, 0.7117963
6.092416, -999, 0.7117963
6.094889, -999, 0.7117963
6.103319, -999, 0.7117963
6.105221, -999, 0.7117963
6.107499, -999, 0.7117963
6.110401, -999, 0.7117963
6.112812, -999, 0.7117963
6.114908, -999, 0.7117963
6.117311, -999, 0.7117963
6.119714, -999, 0.7117963
6.121789, -999, 0.7117963
6.124148, -999, 0.7117963
6.126201, -999, 0.7117963
6.128477, -999, 0.7117963
6.130626, -999, 0.7117963
6.132697, -999, 0.7117963
6.134691, -999, 0.7117963
6.137123, -999, 0.7117963
6.139557, -999, 0.7117963
6.141628, -999, 0.7117963
6.144097, -999, 0.7117963
6.146613, -999, 0.7117963
6.148824, -999, 0.7117963
6.151423, -999, 0.7117963
6.153518, -999, 0.7117963
6.155993, -999, 0.7117963
6.158194, -999, 0.7117963
6.160838, -999, 0.7117963
6.162807, -999, 0.7117963
6.165291, -999, 0.7117963
6.16762, -999, 0.7117963
6.170201, -999, 0.7117963
6.172781, -999, 0.7117963
6.183348, -999, 0.7117963
6.186003, -999, 0.7117963
6.188509, -999, 0.7117963
6.191434, -999, 0.7117963
6.194745, -999, 0.7117963
6.197348, -999, 0.7117963
6.200004, -999, 0.7117963
6.202523, -999, 0.7117963
6.205839, -999, 0.7117963
6.219022, -999, 0.7117963
6.22162, -999, 0.7117963
6.224454, -999, 0.7117963
6.227765, -999, 0.7117963
6.230335, -999, 0.7117963
6.232924, -999, 0.7117963
6.235538, -999, 0.7117963
6.238114, -999, 0.7117963
6.241013, -999, 0.7117963
6.243814, -999, 0.7117963
6.24651, -999, 0.7117963
6.249189, -999, 0.7117963
6.251911, -999, 0.7117963
6.254426, -999, 0.7117963
6.257117, -999, 0.7117963
6.260186, -999, 0.7117963
6.263475, -999, 0.7117963
6.278804, -999, 0.7117963
6.292156, -999, 0.7117963
6.295502, -999, 0.7117963
6.298105, -999, 0.7117963
6.300733, -999, 0.7117963
6.303756, -999, 0.7117963
6.306406, -999, 0.7117963
6.308614, -999, 0.7117963
6.311618, -999, 0.7117963
6.314236, -999, 0.7117963
6.316809, -999, 0.7117963
6.319417, -999, 0.7117963
6.322423, -999, 0.7117963
6.325443, -999, 0.7117963
6.329068, -43.205, 0.9185949
6.331537, -43.205, 0.9185949
6.334348, -43.205, 0.9185949
6.336631, -43.205, 0.9185949
6.339114, -43.205, 0.9185949
6.342316, -43.205, 0.9185949
6.352129, -43.205, 0.9185949
6.35533, -50.11994, 0.6859935
6.358023, -50.11994, 0.6859935
6.361016, -50.11994, 0.6859935
6.363651, -50.11994, 0.6859935
6.366085, -50.11994, 0.6859935
6.368608, -50.11994, 0.6859935
6.371093, -51.54984, 0.7480774
6.373809, -51.54984, 0.7480774
6.37639, -51.54984, 0.7480774
6.378838, -51.54984, 0.7480774
6.381304, -51.54984, 0.7480774
6.391718, -999, 0.7480774
6.393916, -999, 0.7480774
6.396596, -999, 0.7480774
6.399162, -999, 0.7480774
6.401102, -999, 0.7480774
6.403419, -999, 0.7480774
6.405913, -999, 0.7480774
6.408793, -999, 0.7480774
6.411198, -999, 0.7480774
6.413706, -999, 0.7480774
6.416197, -999, 0.7480774
6.418295, -999, 0.7480774
6.420542, -999, 0.7480774
6.422616, -999, 0.7480774
6.425504, -999, 0.7480774
6.427694, -999, 0.7480774
6.429876, -999, 0.7480774
6.431885, -999, 0.7480774
6.434228, -999, 0.7480774
6.436725, -999, 0.7480774
6.439201, -999, 0.7480774
6.441921, -999, 0.7480774
6.444919, -999, 0.7480774
6.447426, -999, 0.7480774
6.449797, -999, 0.7480774
6.452015, -999, 0.7480774
6.454715, -49.39911, 0.8517334
6.45727, -49.39911, 0.8517334
6.459311, -49.39911, 0.8517334
6.46149, -49.39911, 0.8517334
6.464273, -49.39911, 0.8517334
6.466797, -49.39911, 0.8517334
6.469321, -49.39911, 0.8517334
6.471906, -49.39911, 0.8517334
6.474623, -49.39911, 0.8517334
6.477434, -49.78107, 0.9165839
6.479619, -49.78107, 0.9165839
6.48259, -49.78107, 0.9165839
6.485339, -49.78107, 0.9165839
6.487995, -49.78107, 0.9165839
6.490457, -49.78107, 0.9165839
6.492682, -49.78107, 0.9165839
6.494895, -49.78107, 0.9165839
6.497569, -50.55968, 0.9045668
6.49955, -50.55968, 0.9045668
6.501802, -50.55968, 0.9045668
6.504314, -50.55968, 0.9045668
6.507286, -50.55968, 0.9045668
6.510211, -50.55968, 0.9045668
6.512506, -50.55968, 0.9045668
6.514715, -50.55968, 0.9045668
6.516913, -50.55968, 0.9045668
6.519434, -54.72646, 0.6445071
6.522121, -54.72646, 0.6445071
6.52473, -54.72646, 0.6445071
6.527492, -54.72646, 0.6445071
6.530005, -54.72646, 0.6445071
6.537054, -54.72646, 0.6445071
6.539284, -999, 0.6445071
6.542173, -999, 0.6445071
6.544942, -999, 0.6445071
6.547326, -999, 0.6445071
6.549425, -999, 0.6445071
6.552496, -999, 0.6445071
6.554658, -999, 0.6445071
6.556792, -999, 0.6445071
6.559032, -999, 0.6445071
6.561397, -999, 0.6445071
6.563997, -999, 0.6445071
6.566603, -999, 0.6445071
6.568503, -999, 0.6445071
6.57121, -999, 0.6445071
6.573791, -999, 0.6445071
6.576777, -999, 0.6445071
6.578711, -999, 0.6445071
6.581006, -999, 0.6445071
6.58362, -999, 0.6445071
6.586008, -999, 0.6445071
6.588605, -999, 0.6445071
6.59118, -999, 0.6445071
6.593728, -999, 0.6445071
6.596213, -999, 0.6445071
6.598185, -999, 0.6445071
6.600415, -999, 0.6445071
6.602901, -999, 0.6445071
6.605221, -999, 0.6445071
6.607636, -999, 0.6445071
6.610003, -999, 0.6445071
6.612114, -999, 0.6445071
6.614196, -999, 0.6445071
6.616324, -999, 0.6445071
6.618395, -999, 0.6445071
6.620618, -999, 0.6445071
6.623096, -999, 0.6445071
6.625491, -999, 0.6445071
6.627639, -999, 0.6445071
6.629592, -999, 0.6445071
6.631782, -999, 0.6445071
6.633826, -999, 0.6445071
6.636109, -999, 0.6445071
6.638114, -999, 0.6445071
6.640844, -999, 0.6445071
6.643491, -999, 0.6445071
6.645988, -999, 0.6445071
6.648301, -999, 0.6445071
6.650698, -999, 0.6445071
6.652788, -999, 0.6445071
6.656306, -999, 0.6445071
6.66439, -999, 0.6445071
6.666138, -999, 0.6445071
6.668635, -999, 0.6445071
6.671313, -999, 0.6445071
6.674128, -999, 0.6445071
6.676915, -999, 0.6445071
6.678884, -999, 0.6445071
6.680984, -999, 0.6445071
6.683195, -999, 0.6445071
6.685818, -999, 0.6445071
6.688203, -999, 0.6445071
6.690828, -999, 0.6445071
6.693408, -999, 0.6445071
6.695927, -999, 0.6445071
6.698102, -999, 0.6445071
6.700297, -999, 0.6445071
6.704447, -999, 0.6445071
6.717027, -999, 0.6445071
6.719795, -999, 0.6445071
6.722328, -999, 0.6445071
6.724594, -999, 0.6445071
6.727534, -999, 0.6445071
6.730021, -999, 0.6445071
6.738711, -999, 0.6445071
6.747337, -999, 0.6445071
6.748824, -999, 0.6445071
6.751375, -999, 0.6445071
6.753902, -999, 0.6445071
6.756429, -999, 0.6445071
6.758598, -999, 0.6445071
6.76161, -999, 0.6445071
6.764105, -999, 0.6445071
6.766639, -999, 0.6445071
6.768785, -999, 0.6445071
6.771005, -999, 0.6445071
6.773122, -999, 0.6445071
6.775522, -999, 0.6445071
6.777591, -999, 0.6445071
6.779799, -999, 0.6445071
6.782263, -999, 0.6445071
6.784431, -999, 0.6445071
6.787108, -999, 0.6445071
6.790241, -999, 0.6445071
6.799354, -999, 0.6445071
6.801708, -999, 0.6445071
6.804208, -999, 0.6445071
6.80671, -999, 0.6445071
6.80879, -999, 0.6445071
6.811423, -999, 0.6445071
6.813891, -999, 0.6445071
6.815986, -999, 0.6445071
6.818201, -999, 0.6445071
6.821206, -999, 0.6445071
6.823407, -999, 0.6445071
6.825479, -999, 0.6445071
6.828314, -999, 0.6445071
6.830818, -999, 0.6445071
6.832943, -999, 0.6445071
6.835601, -999, 0.6445071
6.837988, -999, 0.6445071
6.840402, -999, 0.6445071
6.842856, -999, 0.6445071
6.845002, -999, 0.6445071
6.847614, -999, 0.6445071
6.8501, -999, 0.6445071
6.852591, -999, 0.6445071
6.854689, -999, 0.6445071
6.856684, -999, 0.6445071
6.858905, -999, 0.6445071
6.861321, -999, 0.6445071
6.863698, -999, 0.6445071
6.865917, -999, 0.6445071
6.868303, -999, 0.6445071
6.87042, -999, 0.6445071
6.872508, -999, 0.6445071
6.874812, -999, 0.6445071
6.87754, -999, 0.6445071
6.879818, -999, 0.6445071
6.882521, -999, 0.6445071
6.884692, -999, 0.6445071
6.886999, -999, 0.6445071
6.889506, -999, 0.6445071
6.891639, -999, 0.6445071
6.894121, -999, 0.6445071
6.896501, -999, 0.6445071
6.898703, -999, 0.6445071
6.901321, -999, 0.6445071
6.904092, -47.64112, 0.799201
6.906623, -47.64112, 0.799201
6.908689, -47.64112, 0.799201
6.911018, -47.64112, 0.799201
6.913486, -47.64112, 0.799201
6.915797, -47.64112, 0.799201
6.918304, -47.64112, 0.799201
6.920691, -47.64112, 0.799201
6.923498, -52.49712, 0.7272894
6.925622, -52.49712, 0.7272894
6.927896, -52.49712, 0.7272894
6.930515, -52.49712, 0.7272894
6.933105, -52.49712, 0.7272894
6.935999, -52.49712, 0.7272894
6.938364, -52.49712, 0.7272894
6.940608, -52.49712, 0.7272894
6.943118, -52.49712, 0.7272894
6.946124, -999, 0.7272894
6.948613, -999, 0.7272894
6.961832, -999, 0.7272894
6.96411, -999, 0.7272894
6.966642, -999, 0.7272894
6.969207, -999, 0.7272894
6.971945, -999, 0.7272894
6.974598, -999, 0.7272894
6.977663, -999, 0.7272894
6.980342, -999, 0.7272894
6.982841, -999, 0.7272894
6.985409, -999, 0.7272894
6.98844, -999, 0.7272894
6.991312, -999, 0.7272894
6.994244, -999, 0.7272894
6.99655, -999, 0.7272894
6.999548, -999, 0.7272894
7.002124, -999, 0.7272894
7.004724, -999, 0.7272894
7.00754, -999, 0.7272894
7.010417, -999, 0.7272894
7.012703, -999, 0.7272894
7.014933, -999, 0.7272894
7.017486, -999, 0.7272894
7.019617, -999, 0.7272894
7.022091, -999, 0.7272894
7.024389, -999, 0.7272894
7.027225, -999, 0.7272894
7.029295, -999, 0.7272894
7.031596, -999, 0.7272894
7.034097, -999, 0.7272894
7.036595, -999, 0.7272894
7.038713, -999, 0.7272894
7.041097, -999, 0.7272894
7.043905, -999, 0.7272894
7.046386, -999, 0.7272894
7.048812, -999, 0.7272894
7.051194, -999, 0.7272894
7.053498, -999, 0.7272894
7.055913, -999, 0.7272894
7.05825, -999, 0.7272894
7.061607, -999, 0.7272894
7.064097, -999, 0.7272894
7.066714, -999, 0.7272894
7.068819, -999, 0.7272894
7.071013, -999, 0.7272894
7.073613, -999, 0.7272894
7.0758, -999, 0.7272894
7.077893, -999, 0.7272894
7.080097, -999, 0.7272894
7.082279, -999, 0.7272894
7.084802, -999, 0.7272894
7.086885, -999, 0.7272894
7.089261, -999, 0.7272894
7.091116, -999, 0.7272894
7.093904, -999, 0.7272894
7.096319, -999, 0.7272894
7.098693, -999, 0.7272894
7.100738, -999, 0.7272894
7.102789, -999, 0.7272894
7.104994, -999, 0.7272894
7.107628, -999, 0.7272894
7.110005, -999, 0.7272894
7.112486, -999, 0.7272894
7.114593, -999, 0.7272894
7.116898, -999, 0.7272894
7.119308, -999, 0.7272894
7.121793, -999, 0.7272894
7.124149, -999, 0.7272894
7.127095, -999, 0.7272894
7.12921, -999, 0.7272894
7.131305, -999, 0.7272894
7.133382, -999, 0.7272894
7.135591, -999, 0.7272894
7.138189, -999, 0.7272894
7.140902, -999, 0.7272894
7.14302, -999, 0.7272894
7.145205, -999, 0.7272894
7.1473, -999, 0.7272894
7.149572, -999, 0.7272894
7.151601, -999, 0.7272894
7.153799, -999, 0.7272894
7.156404, -999, 0.7272894
7.158744, -999, 0.7272894
7.160998, -999, 0.7272894
7.1635, -999, 0.7272894
7.165805, -999, 0.7272894
7.168182, -999, 0.7272894
7.170293, -999, 0.7272894
7.172513, -999, 0.7272894
7.17523, -999, 0.7272894
7.178016, -999, 0.7272894
7.180606, -999, 0.7272894
7.18314, -999, 0.7272894
7.185593, -999, 0.7272894
7.187799, -999, 0.7272894
7.190623, -999, 0.7272894
7.193096, -999, 0.7272894
7.195189, -999, 0.7272894
7.197284, -999, 0.7272894
7.199455, -999, 0.7272894
7.201828, -999, 0.7272894
7.20421, -999, 0.7272894
7.207098, -999, 0.7272894
7.209813, -999, 0.7272894
7.211906, -999, 0.7272894
7.214495, -999, 0.7272894
7.216619, -999, 0.7272894
7.21869, -999, 0.7272894
7.220803, -999, 0.7272894
7.223508, -999, 0.7272894
7.225609, -999, 0.7272894
7.227799, -999, 0.7272894
7.230002, -999, 0.7272894
7.232488, -999, 0.7272894
7.234606, -999, 0.7272894
7.236697, -999, 0.7272894
7.238791, -999, 0.7272894
7.241348, -999, 0.7272894
7.243999, -999, 0.7272894
7.24651, -999, 0.7272894
7.249179, -999, 0.7272894
7.251614, -999, 0.7272894
7.253613, -999, 0.7272894
7.255808, -999, 0.7272894
7.258153, -999, 0.7272894
7.260791, -999, 0.7272894
7.263896, -999, 0.7272894
7.266341, -999, 0.7272894
7.269129, -999, 0.7272894
7.271394, -999, 0.7272894
7.274269, -999, 0.7272894
7.276587, -999, 0.7272894
7.278684, -999, 0.7272894
7.280807, -999, 0.7272894
7.282932, -999, 0.7272894
7.285098, -999, 0.7272894
7.287697, -999, 0.7272894
7.290085, -999, 0.7272894
7.29226, -999, 0.7272894
7.294398, -999, 0.7272894
7.296505, -999, 0.7272894
7.298697, -999, 0.7272894
7.301237, -999, 0.7272894
7.303396, -999, 0.7272894
7.306015, -999, 0.7272894
7.308727, -999, 0.7272894
7.311094, -999, 0.7272894
7.313232, -999, 0.7272894
7.315835, -999, 0.7272894
7.318279, -999, 0.7272894
7.320891, -999, 0.7272894
7.323002, -999, 0.7272894
7.325205, -999, 0.7272894
7.327627, -999, 0.7272894
7.330088, -999, 0.7272894
7.33269, -999, 0.7272894
7.334788, -999, 0.7272894
7.337284, -999, 0.7272894
7.339532, -999, 0.7272894
7.341721, -999, 0.7272894
7.344388, -999, 0.7272894
7.346484, -999, 0.7272894
7.348588, -999, 0.7272894
7.350919, -999, 0.7272894
7.353396, -999, 0.7272894
7.356005, -999, 0.7272894
7.358861, -999, 0.7272894
7.36121, -999, 0.7272894
7.36329, -999, 0.7272894
7.36586, -999, 0.7272894
7.368009, -999, 0.7272894
7.370505, -999, 0.7272894
7.37291, -999, 0.7272894
7.375416, -999, 0.7272894
7.377693, -999, 0.7272894
7.379902, -999, 0.7272894
7.382021, -999, 0.7272894
7.384197, -999, 0.7272894
7.386683, -999, 0.7272894
7.388785, -999, 0.7272894
7.391438, -999, 0.7272894
7.393891, -999, 0.7272894
7.397878, -999, 0.7272894
7.406306, -999, 0.7272894
7.408248, -999, 0.7272894
7.411958, -999, 0.7272894
7.421346, -999, 0.7272894
7.423218, -999, 0.7272894
7.425319, -999, 0.7272894
7.427992, -999, 0.7272894
7.430097, -999, 0.7272894
7.432335, -999, 0.7272894
7.435565, -999, 0.7272894
7.444945, -999, 0.7272894
7.446693, -999, 0.7272894
7.449193, -999, 0.7272894
7.451701, -999, 0.7272894
7.454292, -999, 0.7272894
7.456607, -999, 0.7272894
7.458804, -999, 0.7272894
7.461702, -999, 0.7272894
7.463787, -999, 0.7272894
7.465995, -999, 0.7272894
7.468124, -999, 0.7272894
7.470183, -999, 0.7272894
7.473188, -999, 0.7272894
7.475444, -999, 0.7272894
7.477888, -999, 0.7272894
7.480207, -999, 0.7272894
7.482724, -999, 0.7272894
7.485205, -999, 0.7272894
7.487193, -999, 0.7272894
7.489897, -999, 0.7272894
7.49207, -999, 0.7272894
7.494409, -999, 0.7272894
7.496986, -999, 0.7272894
7.499492, -999, 0.7272894
7.501688, -999, 0.7272894
7.504326, -999, 0.7272894
7.507564, -999, 0.7272894
7.511496, -999, 0.7272894
7.518775, -999, 0.7272894
7.521194, -999, 0.7272894
7.52381, -999, 0.7272894
7.526501, -999, 0.7272894
7.528677, -999, 0.7272894
7.531304, -999, 0.7272894
7.533904, -999, 0.7272894
7.536387, -999, 0.7272894
7.53848, -999, 0.7272894
7.540795, -999, 0.7272894
7.543958, -999, 0.7272894
7.546299, -999, 0.7272894
7.548805, -999, 0.7272894
7.55089, -999, 0.7272894
7.553006, -999, 0.7272894
7.555503, -999, 0.7272894
7.557732, -999, 0.7272894
7.559991, -999, 0.7272894
7.56231, -999, 0.7272894
7.564991, -999, 0.7272894
7.56742, -999, 0.7272894
7.569895, -999, 0.7272894
7.571997, -999, 0.7272894
7.5742, -999, 0.7272894
7.576716, -999, 0.7272894
7.579204, -999, 0.7272894
7.581295, -999, 0.7272894
7.583627, -999, 0.7272894
7.58599, -999, 0.7272894
7.588693, -999, 0.7272894
7.591358, -999, 0.7272894
7.594192, -999, 0.7272894
7.596289, -999, 0.7272894
7.598516, -999, 0.7272894
7.600532, -999, 0.7272894
7.603196, -999, 0.7272894
7.605701, -999, 0.7272894
7.60809, -999, 0.7272894
7.610813, -999, 0.7272894
7.6138, -999, 0.7272894
7.615996, -999, 0.7272894
7.618511, -999, 0.7272894
7.62122, -999, 0.7272894
7.623809, -999, 0.7272894
7.626144, -999, 0.7272894
7.628496, -999, 0.7272894
7.630906, -999, 0.7272894
7.63352, -999, 0.7272894
7.636216, -999, 0.7272894
7.638703, -999, 0.7272894
7.640893, -999, 0.7272894
7.64379, -999, 0.7272894
7.645887, -999, 0.7272894
7.648005, -999, 0.7272894
7.650323, -999, 0.7272894
7.652692, -999, 0.7272894
7.6548, -999, 0.7272894
7.657114, -999, 0.7272894
7.659206, -999, 0.7272894
7.661313, -999, 0.7272894
7.663506, -999, 0.7272894
7.665802, -999, 0.7272894
7.667716, -999, 0.7272894
7.670224, -999, 0.7272894
7.67259, -999, 0.7272894
7.6749, -999, 0.7272894
7.677192, -999, 0.7272894
7.6794, -999, 0.7272894
7.681938, -999, 0.7272894
7.684115, -999, 0.7272894
7.686594, -999, 0.7272894
7.688811, -999, 0.7272894
7.6912, -999, 0.7272894
7.694076, -999, 0.7272894
7.696007, -999, 0.7272894
7.698596, -999, 0.7272894
7.700686, -999, 0.7272894
7.702892, -999, 0.7272894
7.705291, -999, 0.7272894
7.707785, -999, 0.7272894
7.710504, -999, 0.7272894
7.712891, -999, 0.7272894
7.715182, -999, 0.7272894
7.717818, -999, 0.7272894
7.719902, -999, 0.7272894
7.722012, -999, 0.7272894
7.7243, -999, 0.7272894
7.726717, -999, 0.7272894
7.728802, -999, 0.7272894
7.731503, -999, 0.7272894
7.733892, -999, 0.7272894
7.736402, -999, 0.7272894
7.738832, -999, 0.7272894
7.741397, -999, 0.7272894
7.743791, -999, 0.7272894
7.746007, -999, 0.7272894
7.748716, -999, 0.7272894
7.751581, -999, 0.7272894
7.754137, -999, 0.7272894
7.756688, -999, 0.7272894
7.759186, -999, 0.7272894
7.761294, -999, 0.7272894
7.763403, -999, 0.7272894
7.765556, -999, 0.7272894
7.767592, -999, 0.7272894
7.769697, -999, 0.7272894
7.771899, -999, 0.7272894
7.77419, -999, 0.7272894
7.776997, -999, 0.7272894
7.779197, -999, 0.7272894
7.781596, -999, 0.7272894
7.783726, -999, 0.7272894
7.785802, -999, 0.7272894
7.787904, -999, 0.7272894
7.790102, -999, 0.7272894
7.792143, -999, 0.7272894
7.794584, -999, 0.7272894
7.802732, -999, 0.7272894
7.805599, -999, 0.7272894
7.808139, -999, 0.7272894
7.810714, -999, 0.7272894
7.812804, -999, 0.7272894
7.815171, -999, 0.7272894
7.817529, -999, 0.7272894
7.81981, -999, 0.7272894
7.822696, -999, 0.7272894
7.824956, -999, 0.7272894
7.828032, -999, 0.7272894
7.830399, -999, 0.7272894
7.832898, -999, 0.7272894
7.835109, -999, 0.7272894
7.837753, -999, 0.7272894
7.839796, -999, 0.7272894
7.842189, -999, 0.7272894
7.844663, -999, 0.7272894
7.84701, -999, 0.7272894
7.849754, -999, 0.7272894
7.85752, -999, 0.7272894
7.859394, -999, 0.7272894
7.86179, -999, 0.7272894
7.864491, -999, 0.7272894
7.866921, -999, 0.7272894
7.869206, -999, 0.7272894
7.871673, -999, 0.7272894
7.879499, -999, 0.7272894
7.881502, -999, 0.7272894
7.884051, -999, 0.7272894
7.886494, -999, 0.7272894
7.889026, -999, 0.7272894
7.89193, -999, 0.7272894
7.894889, -999, 0.7272894
7.896902, -999, 0.7272894
7.899528, -999, 0.7272894
7.902338, -999, 0.7272894
7.905023, -999, 0.7272894
7.907485, -999, 0.7272894
7.910518, -999, 0.7272894
7.913377, -999, 0.7272894
7.915843, -999, 0.7272894
7.918227, -999, 0.7272894
7.920794, -999, 0.7272894
7.92331, -999, 0.7272894
7.925516, -999, 0.7272894
7.927809, -999, 0.7272894
7.929895, -999, 0.7272894
7.932099, -999, 0.7272894
7.934689, -999, 0.7272894
7.936832, -999, 0.7272894
7.939578, -999, 0.7272894
7.941755, -999, 0.7272894
7.94451, -999, 0.7272894
7.947001, -999, 0.7272894
7.949588, -999, 0.7272894
7.951685, -999, 0.7272894
7.953927, -999, 0.7272894
7.956492, -999, 0.7272894
7.958642, -999, 0.7272894
7.960719, -999, 0.7272894
7.963391, -999, 0.7272894
7.96584, -999, 0.7272894
7.968011, -999, 0.7272894
7.970505, -999, 0.7272894
7.972606, -999, 0.7272894
7.975031, -999, 0.7272894
7.977697, -999, 0.7272894
7.979792, -999, 0.7272894
7.982501, -999, 0.7272894
7.984503, -999, 0.7272894
7.986984, -999, 0.7272894
7.989217, -999, 0.7272894
7.991907, -999, 0.7272894
7.995171, -999, 0.7272894
7.997415, -999, 0.7272894
8.006147, -999, 0.7272894
8.010907, -999, 0.7272894
8.013819, -999, 0.7272894
8.016247, -999, 0.7272894
8.018693, -999, 0.7272894
8.021229, -999, 0.7272894
8.023401, -999, 0.7272894
8.025526, -999, 0.7272894
8.027917, -999, 0.7272894
8.030901, -999, 0.7272894
8.033323, -999, 0.7272894
8.035702, -999, 0.7272894
8.038209, -999, 0.7272894
8.040856, -999, 0.7272894
8.043293, -999, 0.7272894
8.045506, -999, 0.7272894
8.04799, -999, 0.7272894
8.050589, -999, 0.7272894
8.053194, -999, 0.7272894
8.056027, -999, 0.7272894
8.058754, -999, 0.7272894
8.061656, -999, 0.7272894
8.064009, -999, 0.7272894
8.06664, -999, 0.7272894
8.068793, -999, 0.7272894
8.071406, -999, 0.7272894
8.073794, -999, 0.7272894
8.076488, -999, 0.7272894
8.078598, -999, 0.7272894
8.080687, -999, 0.7272894
8.082816, -999, 0.7272894
8.084968, -999, 0.7272894
8.087546, -999, 0.7272894
8.089606, -999, 0.7272894
8.091789, -999, 0.7272894
8.094588, -999, 0.7272894
8.096981, -999, 0.7272894
8.09932, -999, 0.7272894
8.101423, -999, 0.7272894
8.104115, -999, 0.7272894
8.10659, -999, 0.7272894
8.10869, -999, 0.7272894
8.110898, -999, 0.7272894
8.113267, -999, 0.7272894
8.115308, -999, 0.7272894
8.117893, -999, 0.7272894
8.12039, -999, 0.7272894
8.122503, -999, 0.7272894
8.125024, -999, 0.7272894
8.127743, -999, 0.7272894
8.130242, -999, 0.7272894
8.132833, -999, 0.7272894
8.135425, -999, 0.7272894
8.13782, -999, 0.7272894
8.1404, -999, 0.7272894
8.142619, -999, 0.7272894
8.144795, -999, 0.7272894
8.147159, -999, 0.7272894
8.149155, -999, 0.7272894
8.151586, -999, 0.7272894
8.153801, -999, 0.7272894
8.156295, -999, 0.7272894
8.158615, -999, 0.7272894
8.161191, -999, 0.7272894
8.163287, -999, 0.7272894
8.165569, -999, 0.7272894
8.168098, -999, 0.7272894
8.170712, -999, 0.7272894
8.173308, -999, 0.7272894
8.175813, -999, 0.7272894
8.178197, -999, 0.7272894
8.180816, -999, 0.7272894
8.183832, -999, 0.7272894
8.185906, -999, 0.7272894
8.187988, -999, 0.7272894
8.190866, -999, 0.7272894
8.193598, -999, 0.7272894
8.195694, -999, 0.7272894
8.197786, -999, 0.7272894
8.199986, -999, 0.7272894
8.202213, -999, 0.7272894
8.204693, -999, 0.7272894
8.207528, -999, 0.7272894
8.210388, -999, 0.7272894
8.212713, -999, 0.7272894
8.215005, -999, 0.7272894
8.217455, -999, 0.7272894
8.220146, -999, 0.7272894
8.222617, -999, 0.7272894
8.224978, -999, 0.7272894
8.227696, -999, 0.7272894
8.230195, -999, 0.7272894
8.23244, -999, 0.7272894
8.234486, -999, 0.7272894
8.236609, -999, 0.7272894
8.238681, -999, 0.7272894
8.240936, -999, 0.7272894
8.243392, -999, 0.7272894
8.245693, -999, 0.7272894
8.248216, -45.84717, 0.9275815
8.250825, -45.84717, 0.9275815
8.253293, -45.84717, 0.9275815
8.255521, -45.84717, 0.9275815
8.258122, -45.84717, 0.9275815
8.260523, -45.84717, 0.9275815
8.262591, -45.84717, 0.9275815
8.26479, -45.84717, 0.9275815
8.267425, -45.84717, 0.9275815
8.269902, -49.60695, 0.8068243
8.272416, -49.60695, 0.8068243
8.274639, -49.60695, 0.8068243
8.277221, -49.60695, 0.8068243
8.279787, -49.60695, 0.8068243
8.282015, -49.60695, 0.8068243
8.284604, -49.60695, 0.8068243
8.28721, -49.60695, 0.8068243
8.289587, -53.57434, 0.7247492
8.291807, -53.57434, 0.7247492
8.294085, -53.57434, 0.7247492
8.296603, -53.57434, 0.7247492
8.299067, -53.57434, 0.7247492
8.300919, -53.57434, 0.7247492
8.3032, -53.57434, 0.7247492
8.305685, -53.57434, 0.7247492
8.308475, -53.57434, 0.7247492
8.311753, -53.2986, 0.6778142
8.314313, -53.2986, 0.6778142
8.316431, -53.2986, 0.6778142
8.319007, -53.2986, 0.6778142
8.321094, -53.2986, 0.6778142
8.323189, -53.2986, 0.6778142
8.325389, -53.2986, 0.6778142
8.327807, -53.2986, 0.6778142
8.329917, -53.2986, 0.6778142
8.332493, -54.49252, 0.7431843
8.334785, -54.49252, 0.7431843
8.337001, -54.49252, 0.7431843
8.339601, -54.49252, 0.7431843
8.346553, -54.49252, 0.7431843
8.347797, -54.49252, 0.7431843
8.350341, -54.49252, 0.7431843
8.35291, -55.7761, 0.6934902
8.355648, -55.7761, 0.6934902
8.357964, -55.7761, 0.6934902
8.361094, -55.7761, 0.6934902
8.363611, -55.7761, 0.6934902
8.366144, -55.7761, 0.6934902
8.368926, -55.7761, 0.6934902
8.371305, -55.7761, 0.6934902
8.373396, -55.7761, 0.6934902
8.375986, -56.62814, 0.7046011
8.378181, -56.62814, 0.7046011
8.380609, -56.62814, 0.7046011
8.382797, -56.62814, 0.7046011
8.384898, -56.62814, 0.7046011
8.387098, -56.62814, 0.7046011
8.389654, -56.62814, 0.7046011
8.391769, -56.62814, 0.7046011
8.394225, -56.62814, 0.7046011
8.396723, -999, 0.7046011
8.398808, -999, 0.7046011
8.401097, -999, 0.7046011
8.40361, -999, 0.7046011
8.405585, -999, 0.7046011
8.40793, -999, 0.7046011
8.410693, -999, 0.7046011
8.413286, -999, 0.7046011
8.415504, -999, 0.7046011
8.41799, -999, 0.7046011
8.4201, -999, 0.7046011
8.422295, -999, 0.7046011
8.424541, -999, 0.7046011
8.427203, -999, 0.7046011
8.429405, -999, 0.7046011
8.431497, -999, 0.7046011
8.433812, -999, 0.7046011
8.435805, -999, 0.7046011
8.4383, -999, 0.7046011
8.440814, -999, 0.7046011
8.443999, -999, 0.7046011
8.446402, -999, 0.7046011
8.448617, -999, 0.7046011
8.451681, -999, 0.7046011
8.453701, -999, 0.7046011
8.455808, -999, 0.7046011
8.458104, -999, 0.7046011
8.460818, -999, 0.7046011
8.46391, -999, 0.7046011
8.466511, -999, 0.7046011
8.469321, -999, 0.7046011
8.471605, -999, 0.7046011
8.474285, -999, 0.7046011
8.477083, -999, 0.7046011
8.479418, -999, 0.7046011
8.491183, -999, 0.7046011
8.492801, -999, 0.7046011
8.495295, -999, 0.7046011
8.4979, -999, 0.7046011
8.500011, -999, 0.7046011
8.502961, -999, 0.7046011
8.505193, -999, 0.7046011
8.507523, -999, 0.7046011
8.510406, -999, 0.7046011
8.512955, -999, 0.7046011
8.515393, -999, 0.7046011
8.517494, -999, 0.7046011
8.519599, -999, 0.7046011
8.52179, -999, 0.7046011
8.524791, -999, 0.7046011
8.527407, -999, 0.7046011
8.530019, -999, 0.7046011
8.532596, -999, 0.7046011
8.535164, -999, 0.7046011
8.537229, -999, 0.7046011
8.539304, -999, 0.7046011
8.542149, -999, 0.7046011
8.54937, -999, 0.7046011
8.550438, -999, 0.7046011
8.552911, -999, 0.7046011
8.555488, -999, 0.7046011
8.558314, -999, 0.7046011
8.561434, -999, 0.7046011
8.563489, -999, 0.7046011
8.565574, -999, 0.7046011
8.568084, -999, 0.7046011
8.570402, -999, 0.7046011
8.572523, -999, 0.7046011
8.574704, -999, 0.7046011
8.577698, -999, 0.7046011
8.579877, -999, 0.7046011
8.582455, -999, 0.7046011
8.584501, -999, 0.7046011
8.586987, -999, 0.7046011
8.589291, -999, 0.7046011
8.592231, -999, 0.7046011
8.604006, -999, 0.7046011
8.605517, -999, 0.7046011
8.607807, -999, 0.7046011
8.610992, -999, 0.7046011
8.613491, -999, 0.7046011
8.616417, -999, 0.7046011
8.618736, -999, 0.7046011
8.621306, -999, 0.7046011
8.6242, -999, 0.7046011
8.62691, -999, 0.7046011
8.629079, -999, 0.7046011
8.631496, -999, 0.7046011
8.634088, -999, 0.7046011
8.636351, -999, 0.7046011
8.638403, -999, 0.7046011
8.641129, -999, 0.7046011
8.643492, -999, 0.7046011
8.645589, -999, 0.7046011
8.647794, -999, 0.7046011
8.650002, -999, 0.7046011
8.652502, -999, 0.7046011
8.655012, -999, 0.7046011
8.657753, -999, 0.7046011
8.660266, -999, 0.7046011
8.66229, -999, 0.7046011
8.664493, -999, 0.7046011
8.666625, -999, 0.7046011
8.668842, -999, 0.7046011
8.671413, -999, 0.7046011
8.673799, -999, 0.7046011
8.676301, -999, 0.7046011
8.6784, -999, 0.7046011
8.681061, -999, 0.7046011
8.683599, -999, 0.7046011
8.686091, -999, 0.7046011
8.688704, -999, 0.7046011
8.691092, -999, 0.7046011
8.694008, -999, 0.7046011
8.696383, -999, 0.7046011
8.698582, -999, 0.7046011
8.700708, -999, 0.7046011
8.703448, -999, 0.7046011
8.705819, -999, 0.7046011
8.708089, -999, 0.7046011
8.710595, -999, 0.7046011
8.713303, -999, 0.7046011
8.715929, -999, 0.7046011
8.718163, -999, 0.7046011
8.720612, -999, 0.7046011
8.723188, -999, 0.7046011
8.725382, -999, 0.7046011
8.727687, -999, 0.7046011
8.7301, -999, 0.7046011
8.732261, -999, 0.7046011
8.734406, -999, 0.7046011
8.736981, -999, 0.7046011
8.739127, -999, 0.7046011
8.741951, -999, 0.7046011
8.744411, -999, 0.7046011
8.746996, -999, 0.7046011
8.749218, -999, 0.7046011
8.751298, -999, 0.7046011
8.753691, -999, 0.7046011
8.756251, -999, 0.7046011
8.758617, -999, 0.7046011
8.761895, -999, 0.7046011
8.764297, -999, 0.7046011
8.766386, -999, 0.7046011
8.768392, -999, 0.7046011
8.770786, -999, 0.7046011
8.77321, -999, 0.7046011
8.775285, -999, 0.7046011
8.777499, -999, 0.7046011
8.779887, -999, 0.7046011
8.781999, -999, 0.7046011
8.784246, -999, 0.7046011
8.786391, -999, 0.7046011
8.788924, -999, 0.7046011
8.791191, -999, 0.7046011
8.79381, -999, 0.7046011
8.796208, -999, 0.7046011
8.798388, -999, 0.7046011
8.800854, -999, 0.7046011
8.803, -999, 0.7046011
8.805602, -999, 0.7046011
8.807701, -999, 0.7046011
8.810093, -999, 0.7046011
8.812189, -999, 0.7046011
8.814284, -999, 0.7046011
8.81652, -999, 0.7046011
8.819016, -999, 0.7046011
8.821094, -999, 0.7046011
8.823699, -999, 0.7046011
8.826621, -999, 0.7046011
8.82869, -999, 0.7046011
8.830914, -999, 0.7046011
8.832991, -999, 0.7046011
8.835209, -999, 0.7046011
8.837699, -999, 0.7046011
8.839793, -999, 0.7046011
8.842121, -999, 0.7046011
8.844796, -999, 0.7046011
8.846901, -999, 0.7046011
8.849176, -999, 0.7046011
8.85111, -999, 0.7046011
8.853207, -999, 0.7046011
8.855218, -999, 0.7046011
8.857655, -999, 0.7046011
8.860296, -999, 0.7046011
8.862517, -999, 0.7046011
8.864904, -999, 0.7046011
8.867321, -999, 0.7046011
8.869503, -999, 0.7046011
8.872009, -999, 0.7046011
8.874332, -999, 0.7046011
8.877211, -999, 0.7046011
8.879582, -999, 0.7046011
8.881793, -999, 0.7046011
8.883899, -999, 0.7046011
8.886189, -999, 0.7046011
8.888429, -999, 0.7046011
8.891206, -999, 0.7046011
8.893997, -999, 0.7046011
8.896085, -999, 0.7046011
8.898282, -999, 0.7046011
8.900851, -999, 0.7046011
8.903032, -999, 0.7046011
8.905146, -999, 0.7046011
8.907729, -999, 0.7046011
8.910308, -999, 0.7046011
8.912799, -999, 0.7046011
8.914904, -999, 0.7046011
8.917117, -999, 0.7046011
8.919695, -999, 0.7046011
8.921806, -999, 0.7046011
8.924139, -999, 0.7046011
8.927023, -999, 0.7046011
8.929493, -999, 0.7046011
8.931504, -999, 0.7046011
8.933683, -999, 0.7046011
8.936303, -999, 0.7046011
8.938906, -999, 0.7046011
8.941025, -999, 0.7046011
8.943494, -999, 0.7046011
8.945889, -999, 0.7046011
8.948021, -999, 0.7046011
8.950306, -999, 0.7046011
8.952799, -999, 0.7046011
8.9553, -999, 0.7046011
8.95753, -999, 0.7046011
8.959912, -999, 0.7046011
8.962196, -999, 0.7046011
8.964208, -999, 0.7046011
8.96623, -999, 0.7046011
8.968321, -999, 0.7046011
8.971117, -999, 0.7046011
8.973709, -999, 0.7046011
8.975787, -999, 0.7046011
8.978616, -999, 0.7046011
8.981124, -999, 0.7046011
8.983714, -999, 0.7046011
8.986655, -999, 0.7046011
8.989156, -999, 0.7046011
8.991958, -999, 0.7046011
8.994602, -999, 0.7046011
8.997205, -999, 0.7046011
8.999739, -999, 0.7046011
9.00266, -999, 0.7046011
9.005322, -999, 0.7046011
9.008192, -999, 0.7046011
9.010934, -999, 0.7046011
9.013451, -999, 0.7046011
9.016101, -999, 0.7046011
9.018595, -999, 0.7046011
9.021022, -999, 0.7046011
9.023613, -999, 0.7046011
9.026442, -999, 0.7046011
9.02874, -999, 0.7046011
9.031096, -999, 0.7046011
9.033311, -999, 0.7046011
9.035606, -999, 0.7046011
9.038098, -999, 0.7046011
9.040845, -999, 0.7046011
9.043748, -999, 0.7046011
9.046203, -999, 0.7046011
9.048798, -999, 0.7046011
9.05146, -999, 0.7046011
9.053395, -999, 0.7046011
9.055618, -999, 0.7046011
9.05836, -999, 0.7046011
9.060692, -999, 0.7046011
9.062883, -999, 0.7046011
9.065169, -999, 0.7046011
9.06722, -999, 0.7046011
9.0698, -999, 0.7046011
9.072402, -999, 0.7046011
9.075138, -999, 0.7046011
9.078011, -999, 0.7046011
9.080418, -999, 0.7046011
9.082588, -999, 0.7046011
9.084868, -999, 0.7046011
9.098537, -999, 0.7046011
9.112442, -999, 0.7046011
9.114328, -999, 0.7046011
9.117067, -999, 0.7046011
9.119841, -999, 0.7046011
9.129631, -999, 0.7046011
9.132172, -999, 0.7046011
9.140028, -999, 0.7046011
9.143475, -999, 0.7046011
9.14541, -999, 0.7046011
9.148121, -999, 0.7046011
9.150593, -999, 0.7046011
9.153161, -999, 0.7046011
9.155828, -999, 0.7046011
9.158492, -999, 0.7046011
9.161554, -999, 0.7046011
9.164866, -999, 0.7046011
9.167406, -999, 0.7046011
9.169911, -999, 0.7046011
9.172539, -999, 0.7046011
9.175336, -999, 0.7046011
9.178368, -999, 0.7046011
9.180915, -999, 0.7046011
9.183624, -999, 0.7046011
9.186568, -999, 0.7046011
9.189016, -999, 0.7046011
9.191753, -999, 0.7046011
9.194633, -999, 0.7046011
9.19711, -999, 0.7046011
9.199836, -999, 0.7046011
9.202201, -999, 0.7046011
9.204823, -999, 0.7046011
9.20763, -999, 0.7046011
9.210797, -999, 0.7046011
9.213327, -999, 0.7046011
9.215612, -999, 0.7046011
9.218053, -999, 0.7046011
9.220842, -999, 0.7046011
9.223722, -999, 0.7046011
9.226697, -999, 0.7046011
9.229639, -999, 0.7046011
9.232628, -999, 0.7046011
9.234513, -999, 0.7046011
9.237041, -999, 0.7046011
9.23973, -999, 0.7046011
9.242158, -999, 0.7046011
9.245026, -999, 0.7046011
9.247546, -999, 0.7046011
9.250796, -999, 0.7046011
9.253318, -999, 0.7046011
9.25583, -999, 0.7046011
9.258542, -999, 0.7046011
9.26142, -999, 0.7046011
9.263824, -999, 0.7046011
9.266099, -999, 0.7046011
9.268683, -999, 0.7046011
9.271109, -999, 0.7046011
9.273199, -999, 0.7046011
9.275398, -999, 0.7046011
9.278025, -999, 0.7046011
9.28004, -999, 0.7046011
9.282486, -999, 0.7046011
9.284591, -999, 0.7046011
9.286799, -999, 0.7046011
9.289072, -999, 0.7046011
9.291748, -999, 0.7046011
9.294416, -999, 0.7046011
9.296985, -999, 0.7046011
9.299137, -999, 0.7046011
9.301397, -999, 0.7046011
9.303906, -999, 0.7046011
9.306005, -999, 0.7046011
9.308348, -999, 0.7046011
9.311156, -999, 0.7046011
9.3134, -999, 0.7046011
9.315817, -999, 0.7046011
9.317892, -999, 0.7046011
9.319984, -999, 0.7046011
9.322344, -999, 0.7046011
9.325039, -999, 0.7046011
9.327923, -999, 0.7046011
9.330299, -999, 0.7046011
9.333009, -999, 0.7046011
9.335796, -999, 0.7046011
9.338423, -999, 0.7046011
9.341262, -999, 0.7046011
9.344893, -999, 0.7046011
9.347995, -999, 0.7046011
9.350997, -999, 0.7046011
9.354104, -999, 0.7046011
9.356621, -999, 0.7046011
9.358722, -999, 0.7046011
9.361349, -999, 0.7046011
9.363345, -999, 0.7046011
9.365814, -999, 0.7046011
9.367955, -999, 0.7046011
9.369998, -999, 0.7046011
9.372309, -999, 0.7046011
9.374395, -999, 0.7046011
9.376809, -999, 0.7046011
9.379704, -999, 0.7046011
9.382807, -999, 0.7046011
9.384889, -999, 0.7046011
9.386989, -999, 0.7046011
9.389266, -999, 0.7046011
9.391395, -999, 0.7046011
9.393706, -999, 0.7046011
9.395911, -999, 0.7046011
9.398387, -999, 0.7046011
9.40168, -999, 0.7046011
9.404625, -999, 0.7046011
9.407522, -999, 0.7046011
9.409516, -999, 0.7046011
9.412234, -999, 0.7046011
9.413681, -999, 0.7046011
9.416344, -999, 0.7046011
9.418893, -999, 0.7046011
9.42142, -999, 0.7046011
9.426881, -999, 0.7046011
9.427879, -999, 0.7046011
9.4305, -999, 0.7046011
9.432988, -999, 0.7046011
9.435691, -999, 0.7046011
9.437726, -999, 0.7046011
9.440295, -999, 0.7046011
9.443191, -43.05367, 0.8795684
9.446365, -43.05367, 0.8795684
9.44821, -43.05367, 0.8795684
9.450791, -43.05367, 0.8795684
9.453419, -43.05367, 0.8795684
9.45922, -43.05367, 0.8795684
9.460412, -43.05367, 0.8795684
9.463354, -49.94386, 0.7133242
9.465851, -49.94386, 0.7133242
9.469145, -49.94386, 0.7133242
9.470917, -49.94386, 0.7133242
9.473408, -49.94386, 0.7133242
9.475688, -49.94386, 0.7133242
9.477893, -49.94386, 0.7133242
9.481102, -49.94386, 0.7133242
9.484103, -51.8798, 0.774192
9.486618, -51.8798, 0.774192
9.489096, -51.8798, 0.774192
9.49346, -51.8798, 0.774192
9.494591, -51.8798, 0.774192
9.496686, -51.8798, 0.774192
9.499194, -51.8798, 0.774192
9.50208, -51.8798, 0.774192
9.505221, -999, 0.774192
9.507893, -999, 0.774192
9.510715, -999, 0.774192
9.514028, -999, 0.774192
9.515318, -999, 0.774192
9.517453, -999, 0.774192
9.520003, -999, 0.774192
9.523108, -999, 0.774192
9.525196, -999, 0.774192
9.528523, -999, 0.774192
9.530406, -999, 0.774192
9.532983, -999, 0.774192
9.536253, -999, 0.774192
9.538104, -999, 0.774192
9.540874, -999, 0.774192
9.543609, -999, 0.774192
9.546834, -999, 0.774192
9.549789, -48.19029, 0.9251966
9.552224, -48.19029, 0.9251966
9.560551, -48.19029, 0.9251966
9.562004, -48.19029, 0.9251966
9.564428, -48.19029, 0.9251966
9.567101, -48.19029, 0.9251966
9.570358, -50.60706, 0.8243235
9.572198, -50.60706, 0.8243235
9.57451, -50.60706, 0.8243235
9.576718, -50.60706, 0.8243235
9.578998, -50.60706, 0.8243235
9.583572, -50.60706, 0.8243235
9.585028, -50.60706, 0.8243235
9.587396, -50.60706, 0.8243235
9.590102, -50.60706, 0.8243235
9.592646, -50.63627, 0.8425697
9.595392, -50.63627, 0.8425697
9.597391, -50.63627, 0.8425697
9.59995, -50.63627, 0.8425697
9.602097, -50.63627, 0.8425697
9.605228, -50.63627, 0.8425697
9.606804, -50.63627, 0.8425697
9.609108, -50.63627, 0.8425697
9.6116, -51.6095, 0.8657273
9.614598, -51.6095, 0.8657273
9.616254, -51.6095, 0.8657273
9.618817, -51.6095, 0.8657273
9.621305, -51.6095, 0.8657273
9.624198, -51.6095, 0.8657273
9.627272, -51.6095, 0.8657273
9.629412, -51.6095, 0.8657273
9.632013, -51.6095, 0.8657273
9.63454, -55.03793, 0.6456532
9.637022, -55.03793, 0.6456532
9.639221, -55.03793, 0.6456532
9.641487, -55.03793, 0.6456532
9.643829, -55.03793, 0.6456532
9.646087, -55.03793, 0.6456532
9.650487, -55.03793, 0.6456532
9.651617, -55.03793, 0.6456532
9.654109, -999, 0.6456532
9.656693, -999, 0.6456532
9.658813, -999, 0.6456532
9.661441, -999, 0.6456532
9.664266, -999, 0.6456532
9.666705, -999, 0.6456532
9.669326, -999, 0.6456532
9.672139, -999, 0.6456532
9.674517, -999, 0.6456532
9.677529, -999, 0.6456532
9.679706, -999, 0.6456532
9.683266, -999, 0.6456532
9.684713, -999, 0.6456532
9.687311, -999, 0.6456532
9.689808, -999, 0.6456532
9.691994, -999, 0.6456532
9.69475, -999, 0.6456532
9.697306, -999, 0.6456532
9.699649, -999, 0.6456532
9.702309, -999, 0.6456532
9.705465, -999, 0.6456532
9.706891, -999, 0.6456532
9.709072, -999, 0.6456532
9.711206, -999, 0.6456532
9.713785, -999, 0.6456532
9.716398, -999, 0.6456532
9.719444, -999, 0.6456532
9.721199, -999, 0.6456532
9.723394, -999, 0.6456532
9.7255, -999, 0.6456532
9.728106, -999, 0.6456532
9.730988, -999, 0.6456532
9.733121, -999, 0.6456532
9.735306, -999, 0.6456532
9.738048, -999, 0.6456532
9.740907, -999, 0.6456532
9.743202, -999, 0.6456532
9.746011, -999, 0.6456532
9.748098, -999, 0.6456532
9.750182, -999, 0.6456532
9.752309, -999, 0.6456532
9.754504, -999, 0.6456532
9.756792, -999, 0.6456532
9.759175, -999, 0.6456532
9.761659, -999, 0.6456532
9.764013, -999, 0.6456532
9.766522, -999, 0.6456532
9.768692, -999, 0.6456532
9.771283, -999, 0.6456532
9.774275, -999, 0.6456532
9.77641, -999, 0.6456532
9.779202, -999, 0.6456532
9.782001, -999, 0.6456532
9.784909, -999, 0.6456532
9.787091, -999, 0.6456532
9.789213, -999, 0.6456532
9.791506, -999, 0.6456532
9.794755, -999, 0.6456532
9.798419, -999, 0.6456532
9.801066, -999, 0.6456532
9.803704, -999, 0.6456532
9.806428, -999, 0.6456532
9.809142, -999, 0.6456532
9.812028, -999, 0.6456532
9.814738, -999, 0.6456532
9.816925, -999, 0.6456532
9.819003, -999, 0.6456532
9.821417, -999, 0.6456532
9.823605, -999, 0.6456532
9.825974, -999, 0.6456532
9.828694, -999, 0.6456532
9.830827, -999, 0.6456532
9.833122, -999, 0.6456532
9.835599, -999, 0.6456532
9.837993, -999, 0.6456532
9.840201, -999, 0.6456532
9.842409, -999, 0.6456532
9.844617, -999, 0.6456532
9.847219, -999, 0.6456532
9.849728, -999, 0.6456532
9.852056, -999, 0.6456532
9.854515, -999, 0.6456532
9.857116, -999, 0.6456532
9.859297, -999, 0.6456532
9.861567, -999, 0.6456532
9.86411, -999, 0.6456532
9.866204, -999, 0.6456532
9.86881, -999, 0.6456532
9.871389, -999, 0.6456532
9.874258, -999, 0.6456532
9.876194, -999, 0.6456532
9.878329, -999, 0.6456532
9.881029, -999, 0.6456532
9.883715, -999, 0.6456532
9.885815, -999, 0.6456532
9.888196, -999, 0.6456532
9.890489, -999, 0.6456532
9.893312, -999, 0.6456532
9.895582, -999, 0.6456532
9.898001, -999, 0.6456532
9.900213, -999, 0.6456532
9.902851, -999, 0.6456532
9.904914, -999, 0.6456532
9.907657, -999, 0.6456532
9.912939, -999, 0.6456532
9.918974, -999, 0.6456532
9.920849, -999, 0.6456532
9.92311, -999, 0.6456532
9.925252, -999, 0.6456532
9.927618, -999, 0.6456532
9.930478, -999, 0.6456532
9.932827, -999, 0.6456532
9.934886, -999, 0.6456532
9.937903, -999, 0.6456532
9.940141, -999, 0.6456532
9.942187, -999, 0.6456532
9.944416, -999, 0.6456532
9.946892, -999, 0.6456532
9.949119, -999, 0.6456532
9.951302, -999, 0.6456532
9.953715, -999, 0.6456532
9.960832, -999, 0.6456532
9.962321, -999, 0.6456532
9.965117, -999, 0.6456532
9.967363, -999, 0.6456532
9.969928, -999, 0.6456532
9.972528, -999, 0.6456532
9.974937, -999, 0.6456532
9.978012, -999, 0.6456532
9.980396, -999, 0.6456532
9.982497, -999, 0.6456532
9.984605, -999, 0.6456532
9.986797, -999, 0.6456532
9.989388, -999, 0.6456532
9.991605, -999, 0.6456532
9.994491, -999, 0.6456532
9.997015, -44.59368, 0.8485839
9.999195, -44.59368, 0.8485839
10.00129, -44.59368, 0.8485839
10.0039, -44.59368, 0.8485839
10.00601, -44.59368, 0.8485839
10.00814, -44.59368, 0.8485839
10.01099, -44.59368, 0.8485839
10.01324, -44.59368, 0.8485839
10.01531, -44.59368, 0.8485839
10.01789, -999, 0.8485839
10.02051, -999, 0.8485839
10.02309, -999, 0.8485839
10.02524, -999, 0.8485839
10.02801, -999, 0.8485839
10.0407, -999, 0.8485839
10.05208, -999, 0.8485839
10.05527, -999, 0.8485839
10.05793, -999, 0.8485839
10.0605, -999, 0.8485839
10.06334, -999, 0.8485839
10.0653, -999, 0.8485839
10.06741, -999, 0.8485839
10.06949, -999, 0.8485839
10.0717, -999, 0.8485839
10.07442, -999, 0.8485839
10.0773, -999, 0.8485839
10.07961, -999, 0.8485839
10.08211, -999, 0.8485839
10.08466, -999, 0.8485839
10.0873, -999, 0.8485839
10.0898, -999, 0.8485839
10.09196, -999, 0.8485839
10.09441, -999, 0.8485839
10.09661, -999, 0.8485839
10.09882, -999, 0.8485839
10.10124, -999, 0.8485839
10.10379, -999, 0.8485839
10.1059, -999, 0.8485839
10.10813, -999, 0.8485839
10.11059, -999, 0.8485839
10.11331, -999, 0.8485839
10.11543, -999, 0.8485839
10.1175, -999, 0.8485839
10.12795, -999, 0.8485839
